Age,Gender,BMI,Blood Pressure,Glucose,Cholesterol,Disease Status,Age Group
56,Male,29.1,97.0,120.0,221.0,Disease,51-60
69,Male,28.0,127.0,91.0,186.0,Disease,61-80
46,Female,28.4,123.0,95.0,209.0,No Disease,41-50
32,Female,20.6,135.0,82.0,192.0,No Disease,31-40
60,Female,21.6,128.0,104.0,200.0,Disease,51-60
25,Female,32.3,114.0,84.0,189.0,No Disease,18-30
78,Female,26.8,120.0,119.0,194.0,No Disease,61-80
38,Male,30.4,113.0,60.0,207.0,Disease,31-40
56,Male,27.1,141.0,96.0,165.0,Disease,51-60
75,Male,27.1,125.0,113.0,164.0,No Disease,61-80
36,Male,31.7,154.0,110.0,151.0,No Disease,31-40
40,Female,24.4,124.0,172.0,144.0,No Disease,31-40
28,Male,27.5,114.0,114.0,157.0,No Disease,18-30
28,Female,24.7,102.0,80.0,206.0,No Disease,18-30
41,Male,24.8,98.0,103.0,169.0,No Disease,41-50
70,Female,25.5,101.0,61.0,218.0,No Disease,61-80
53,Female,28.1,129.0,103.0,201.0,Disease,51-60
57,Male,24.6,133.0,84.0,131.0,No Disease,51-60
41,Male,33.3,101.0,128.0,223.0,No Disease,41-50
20,Male,22.5,138.0,91.0,228.0,No Disease,18-30
39,Male,26.1,118.0,102.0,165.0,No Disease,31-40
70,Female,24.8,127.0,89.0,215.0,Disease,61-80
19,Male,34.2,149.0,148.0,170.0,Disease,18-30
41,Male,28.0,138.0,97.0,203.0,No Disease,41-50
61,Female,32.2,121.0,151.0,156.0,Disease,61-80
47,Male,19.6,112.0,125.0,137.0,No Disease,41-50
55,Male,28.3,93.0,117.0,187.0,Disease,51-60
19,Male,31.4,114.0,114.0,196.0,No Disease,18-30
77,Male,27.4,122.0,115.0,186.0,Disease,61-80
38,Male,32.3,110.0,60.0,159.0,No Disease,31-40
50,Female,24.4,123.0,98.0,186.0,No Disease,41-50
29,Male,34.0,126.0,126.0,209.0,No Disease,18-30
75,Male,38.5,122.0,104.0,198.0,Disease,61-80
39,Male,25.2,115.0,70.0,206.0,No Disease,31-40
78,Male,24.8,128.0,104.0,177.0,No Disease,61-80
61,Male,34.3,132.0,148.0,241.0,No Disease,61-80
42,Female,34.9,109.0,136.0,159.0,Disease,41-50
66,Male,24.4,146.0,103.0,217.0,Disease,61-80
44,Female,24.9,124.0,129.0,241.0,No Disease,41-50
76,Female,25.6,125.0,96.0,217.0,Disease,61-80
80,Male,20.3,136.0,62.0,193.0,Disease,61-80
59,Male,22.4,128.0,82.0,182.0,No Disease,51-60
45,Male,22.0,139.0,144.0,236.0,No Disease,41-50
77,Male,23.2,129.0,98.0,150.0,No Disease,61-80
33,Female,26.8,116.0,99.0,166.0,No Disease,31-40
32,Male,28.2,130.0,98.0,186.0,No Disease,31-40
79,Male,34.8,108.0,153.0,243.0,Disease,61-80
79,Male,22.0,127.0,146.0,213.0,No Disease,61-80
64,Male,31.9,125.0,160.0,166.0,No Disease,61-80
79,Male,25.9,122.0,101.0,189.0,No Disease,61-80
68,Male,26.8,123.0,112.0,178.0,No Disease,61-80
61,Female,30.4,97.0,67.0,175.0,No Disease,61-80
72,Female,21.4,117.0,142.0,234.0,Disease,61-80
69,Male,28.9,126.0,76.0,152.0,Disease,61-80
74,Male,27.8,127.0,110.0,256.0,Disease,61-80
20,Male,29.5,110.0,78.0,229.0,No Disease,18-30
54,Female,28.4,144.0,90.0,238.0,No Disease,51-60
68,Male,39.3,112.0,84.0,184.0,No Disease,61-80
24,Female,23.8,140.0,90.0,195.0,No Disease,18-30
38,Male,24.3,131.0,92.0,150.0,No Disease,31-40
26,Male,23.9,115.0,91.0,182.0,No Disease,18-30
56,Male,24.2,152.0,126.0,217.0,Disease,51-60
35,Male,23.8,107.0,77.0,245.0,No Disease,31-40
21,Female,32.9,139.0,111.0,161.0,No Disease,18-30
42,Female,34.1,140.0,135.0,187.0,No Disease,41-50
77,Male,24.1,115.0,92.0,195.0,Disease,61-80
31,Male,22.8,146.0,87.0,151.0,Disease,31-40
67,Female,29.4,121.0,99.0,221.0,Disease,61-80
75,Female,24.2,129.0,134.0,175.0,Disease,61-80
26,Female,30.2,129.0,110.0,193.0,No Disease,18-30
43,Female,28.0,123.0,92.0,184.0,No Disease,41-50
70,Male,19.4,137.0,117.0,172.0,No Disease,61-80
19,Female,34.7,137.0,77.0,200.0,No Disease,18-30
37,Male,36.0,99.0,122.0,192.0,No Disease,31-40
45,Female,23.9,145.0,115.0,187.0,Disease,41-50
64,Female,25.1,100.0,97.0,175.0,No Disease,61-80
77,Female,28.4,140.0,84.0,211.0,No Disease,61-80
24,Female,28.7,142.0,83.0,258.0,Disease,18-30
61,Female,30.3,109.0,118.0,205.0,No Disease,61-80
78,Male,37.1,119.0,136.0,235.0,Disease,61-80
25,Male,26.1,108.0,89.0,151.0,No Disease,18-30
64,Female,23.0,122.0,116.0,206.0,No Disease,61-80
52,Female,20.1,120.0,60.0,162.0,No Disease,51-60
31,Male,23.3,137.0,90.0,148.0,No Disease,31-40
34,Female,26.8,145.0,104.0,174.0,Disease,31-40
53,Female,36.0,146.0,82.0,242.0,Disease,51-60
67,Male,24.4,117.0,82.0,233.0,Disease,61-80
57,Female,28.1,122.0,88.0,209.0,Disease,51-60
21,Female,26.9,100.0,112.0,146.0,No Disease,18-30
19,Male,32.9,113.0,100.0,193.0,No Disease,18-30
79,Male,39.6,139.0,60.0,211.0,Disease,61-80
23,Male,24.3,149.0,60.0,206.0,No Disease,18-30
71,Female,24.6,106.0,90.0,135.0,Disease,61-80
59,Male,32.2,116.0,116.0,169.0,Disease,51-60
21,Male,30.4,125.0,60.0,198.0,Disease,18-30
71,Male,36.2,129.0,93.0,219.0,Disease,61-80
46,Male,29.9,113.0,92.0,123.0,No Disease,41-50
80,Male,25.2,131.0,140.0,194.0,No Disease,61-80
35,Male,30.0,118.0,95.0,205.0,No Disease,31-40
43,Female,32.5,125.0,115.0,230.0,No Disease,41-50
61,Female,31.1,133.0,109.0,224.0,Disease,61-80
51,Male,29.5,125.0,60.0,220.0,Disease,51-60
27,Male,32.3,118.0,124.0,172.0,Disease,18-30
79,Male,32.8,123.0,110.0,133.0,No Disease,61-80
53,Female,33.9,124.0,118.0,186.0,Disease,51-60
31,Female,30.2,119.0,203.0,235.0,No Disease,31-40
48,Female,26.2,121.0,60.0,249.0,No Disease,41-50
65,Female,27.7,149.0,148.0,225.0,Disease,61-80
32,Female,33.0,133.0,98.0,215.0,No Disease,31-40
25,Female,22.9,121.0,112.0,213.0,No Disease,18-30
31,Female,28.8,135.0,104.0,181.0,No Disease,31-40
40,Female,25.0,120.0,94.0,195.0,No Disease,31-40
77,Female,27.1,143.0,91.0,258.0,No Disease,61-80
74,Male,33.4,131.0,113.0,167.0,Disease,61-80
79,Male,28.0,123.0,67.0,257.0,Disease,61-80
57,Male,27.2,132.0,124.0,189.0,No Disease,51-60
38,Male,20.2,101.0,95.0,246.0,Disease,31-40
33,Female,30.7,108.0,77.0,151.0,No Disease,31-40
62,Female,30.2,107.0,94.0,221.0,No Disease,61-80
35,Male,37.8,127.0,136.0,174.0,Disease,31-40
64,Female,25.5,151.0,92.0,150.0,Disease,61-80
70,Male,28.1,158.0,114.0,208.0,Disease,61-80
41,Female,28.2,135.0,87.0,235.0,No Disease,41-50
43,Male,34.9,133.0,124.0,170.0,No Disease,41-50
42,Female,26.5,98.0,122.0,148.0,No Disease,41-50
77,Female,28.4,117.0,151.0,197.0,No Disease,61-80
77,Male,30.0,113.0,101.0,197.0,No Disease,61-80
77,Female,27.9,116.0,122.0,219.0,Disease,61-80
62,Male,24.8,122.0,107.0,233.0,Disease,61-80
58,Male,28.0,118.0,137.0,198.0,No Disease,51-60
46,Male,32.4,95.0,87.0,265.0,Disease,41-50
32,Male,21.9,136.0,124.0,208.0,Disease,31-40
62,Female,27.7,109.0,100.0,188.0,No Disease,61-80
18,Female,23.5,129.0,103.0,144.0,No Disease,18-30
42,Female,33.0,156.0,107.0,191.0,No Disease,41-50
24,Male,19.4,111.0,111.0,188.0,No Disease,18-30
26,Female,24.2,87.0,102.0,234.0,Disease,18-30
41,Male,28.9,121.0,110.0,216.0,No Disease,41-50
18,Female,34.8,142.0,144.0,159.0,Disease,18-30
61,Female,26.7,154.0,130.0,206.0,Disease,61-80
25,Female,24.2,107.0,127.0,224.0,No Disease,18-30
41,Male,36.4,132.0,94.0,253.0,Disease,41-50
80,Female,19.8,118.0,83.0,231.0,No Disease,61-80
28,Female,16.0,123.0,129.0,227.0,Disease,18-30
68,Male,29.2,165.0,127.0,202.0,Disease,61-80
34,Female,24.5,102.0,142.0,214.0,No Disease,31-40
25,Male,21.9,129.0,90.0,244.0,No Disease,18-30
52,Female,30.5,132.0,99.0,153.0,No Disease,51-60
52,Male,28.2,141.0,64.0,188.0,Disease,51-60
50,Male,24.2,126.0,95.0,173.0,No Disease,41-50
76,Female,20.6,130.0,130.0,213.0,Disease,61-80
22,Male,31.4,119.0,93.0,243.0,Disease,18-30
59,Male,30.3,129.0,121.0,179.0,No Disease,51-60
56,Male,26.5,120.0,100.0,116.0,No Disease,51-60
75,Male,36.2,134.0,113.0,186.0,Disease,61-80
58,Male,21.6,119.0,76.0,232.0,No Disease,51-60
45,Male,19.4,131.0,107.0,219.0,No Disease,41-50
24,Female,23.5,125.0,60.0,215.0,No Disease,18-30
26,Male,26.8,142.0,100.0,190.0,Disease,18-30
25,Male,28.2,124.0,64.0,155.0,No Disease,18-30
29,Female,25.8,98.0,135.0,218.0,No Disease,18-30
51,Female,28.8,144.0,124.0,171.0,Disease,51-60
50,Female,20.7,111.0,117.0,276.0,No Disease,41-50
65,Female,34.2,115.0,143.0,220.0,No Disease,61-80
72,Female,26.6,116.0,81.0,180.0,No Disease,61-80
40,Female,32.6,146.0,149.0,179.0,Disease,31-40
79,Female,28.7,93.0,128.0,197.0,Disease,61-80
41,Male,29.3,172.0,99.0,192.0,No Disease,41-50
54,Male,29.8,141.0,133.0,239.0,No Disease,51-60
52,Female,29.2,128.0,77.0,207.0,No Disease,51-60
61,Male,30.2,124.0,84.0,174.0,No Disease,61-80
57,Male,33.6,129.0,90.0,266.0,No Disease,51-60
39,Male,28.0,133.0,92.0,202.0,No Disease,31-40
44,Female,30.5,135.0,79.0,227.0,Disease,41-50
52,Female,26.6,133.0,136.0,179.0,No Disease,51-60
18,Male,34.2,126.0,99.0,213.0,No Disease,18-30
52,Female,23.6,122.0,114.0,211.0,No Disease,51-60
54,Male,36.0,123.0,91.0,134.0,No Disease,51-60
64,Male,26.8,122.0,60.0,271.0,Disease,61-80
31,Male,19.8,142.0,112.0,245.0,No Disease,31-40
20,Male,27.6,134.0,60.0,186.0,No Disease,18-30
18,Female,23.6,81.0,103.0,161.0,Disease,18-30
22,Female,31.2,135.0,71.0,212.0,No Disease,18-30
43,Female,23.7,128.0,155.0,203.0,Disease,41-50
72,Male,24.8,125.0,128.0,212.0,Disease,61-80
80,Female,17.6,119.0,108.0,207.0,Disease,61-80
31,Male,24.7,142.0,137.0,218.0,Disease,31-40
56,Female,15.0,139.0,84.0,251.0,No Disease,51-60
44,Male,19.1,113.0,119.0,220.0,No Disease,41-50
26,Male,30.8,131.0,110.0,163.0,No Disease,18-30
32,Male,30.9,110.0,112.0,248.0,No Disease,31-40
32,Female,29.1,104.0,137.0,257.0,Disease,31-40
43,Female,22.2,116.0,123.0,310.0,Disease,41-50
59,Female,26.8,138.0,112.0,161.0,No Disease,51-60
77,Female,27.0,139.0,64.0,209.0,Disease,61-80
30,Male,21.2,133.0,81.0,127.0,No Disease,18-30
68,Female,34.5,136.0,102.0,219.0,No Disease,61-80
80,Female,31.4,133.0,107.0,181.0,No Disease,61-80
49,Male,25.9,115.0,77.0,267.0,No Disease,41-50
56,Male,27.1,131.0,165.0,173.0,Disease,51-60
66,Male,28.0,137.0,143.0,141.0,Disease,61-80
69,Female,16.8,136.0,120.0,184.0,No Disease,61-80
78,Male,25.8,143.0,107.0,131.0,Disease,61-80
49,Male,23.6,136.0,100.0,226.0,No Disease,41-50
21,Male,22.0,130.0,81.0,128.0,Disease,18-30
47,Female,25.6,141.0,107.0,201.0,No Disease,41-50
54,Male,36.0,125.0,111.0,127.0,No Disease,51-60
40,Female,30.2,112.0,74.0,189.0,No Disease,31-40
56,Female,24.1,123.0,113.0,258.0,Disease,51-60
62,Male,29.9,114.0,101.0,213.0,No Disease,61-80
32,Male,34.0,115.0,60.0,170.0,No Disease,31-40
60,Female,31.6,123.0,83.0,199.0,Disease,51-60
46,Male,27.3,113.0,95.0,201.0,No Disease,41-50
53,Male,23.8,120.0,152.0,217.0,No Disease,51-60
30,Female,30.5,97.0,119.0,152.0,No Disease,18-30
49,Female,29.0,128.0,72.0,221.0,No Disease,41-50
24,Male,31.5,125.0,117.0,105.0,Disease,18-30
76,Female,30.2,113.0,66.0,178.0,No Disease,61-80
68,Male,32.2,135.0,132.0,183.0,No Disease,61-80
39,Male,24.3,139.0,93.0,222.0,No Disease,31-40
45,Male,33.6,101.0,103.0,201.0,No Disease,41-50
19,Female,28.0,114.0,138.0,151.0,No Disease,18-30
59,Male,37.4,113.0,73.0,166.0,Disease,51-60
62,Male,23.6,111.0,70.0,207.0,No Disease,61-80
79,Male,35.7,137.0,90.0,197.0,No Disease,61-80
74,Female,28.0,122.0,131.0,180.0,Disease,61-80
70,Female,23.7,121.0,67.0,183.0,No Disease,61-80
23,Female,24.6,95.0,60.0,224.0,No Disease,18-30
45,Female,25.4,135.0,94.0,182.0,No Disease,41-50
45,Female,29.1,106.0,119.0,197.0,Disease,41-50
61,Male,29.6,126.0,135.0,276.0,No Disease,61-80
61,Female,24.1,129.0,93.0,150.0,No Disease,61-80
37,Female,26.9,145.0,95.0,135.0,No Disease,31-40
47,Female,37.7,105.0,134.0,227.0,Disease,41-50
79,Male,35.6,80.0,60.0,176.0,No Disease,61-80
28,Female,29.2,128.0,95.0,189.0,No Disease,18-30
75,Female,27.2,152.0,110.0,173.0,Disease,61-80
72,Male,27.6,144.0,116.0,191.0,No Disease,61-80
45,Female,30.1,128.0,92.0,256.0,No Disease,41-50
42,Male,21.9,118.0,106.0,228.0,No Disease,41-50
56,Male,25.7,137.0,60.0,230.0,No Disease,51-60
79,Male,18.7,110.0,89.0,150.0,No Disease,61-80
50,Male,29.0,132.0,116.0,160.0,No Disease,41-50
18,Male,30.2,133.0,80.0,101.0,No Disease,18-30
74,Female,24.6,141.0,106.0,172.0,No Disease,61-80
44,Male,34.9,166.0,116.0,233.0,Disease,41-50
79,Male,20.9,131.0,96.0,218.0,No Disease,61-80
74,Female,19.7,117.0,109.0,192.0,No Disease,61-80
69,Male,28.1,125.0,81.0,199.0,No Disease,61-80
30,Female,32.2,98.0,100.0,176.0,No Disease,18-30
58,Female,35.4,115.0,120.0,207.0,No Disease,51-60
20,Female,24.7,119.0,109.0,227.0,Disease,18-30
56,Male,32.4,117.0,90.0,143.0,No Disease,51-60
23,Male,26.8,127.0,111.0,210.0,No Disease,18-30
25,Male,26.1,113.0,123.0,233.0,No Disease,18-30
44,Female,31.4,142.0,60.0,185.0,Disease,41-50
26,Male,30.3,125.0,134.0,225.0,Disease,18-30
79,Male,19.1,125.0,97.0,299.0,Disease,61-80
54,Male,34.4,120.0,116.0,196.0,No Disease,51-60
50,Female,33.9,127.0,135.0,214.0,Disease,41-50
68,Female,23.9,137.0,71.0,174.0,No Disease,61-80
59,Male,29.0,112.0,87.0,206.0,Disease,51-60
61,Male,29.5,115.0,98.0,216.0,Disease,61-80
41,Male,28.3,120.0,85.0,207.0,No Disease,41-50
32,Male,24.2,105.0,148.0,164.0,No Disease,31-40
76,Female,23.6,113.0,84.0,207.0,No Disease,61-80
71,Female,26.9,118.0,91.0,251.0,Disease,61-80
49,Female,32.9,138.0,110.0,216.0,No Disease,41-50
49,Female,29.7,129.0,75.0,234.0,No Disease,41-50
41,Male,25.1,128.0,95.0,192.0,No Disease,41-50
58,Male,30.9,138.0,113.0,226.0,No Disease,51-60
69,Male,15.0,123.0,97.0,210.0,No Disease,61-80
66,Female,32.7,131.0,103.0,167.0,Disease,61-80
79,Male,18.3,123.0,92.0,211.0,No Disease,61-80
66,Female,25.2,129.0,67.0,165.0,No Disease,61-80
75,Female,21.4,116.0,113.0,178.0,No Disease,61-80
69,Male,20.5,88.0,149.0,207.0,Disease,61-80
29,Male,32.8,123.0,105.0,210.0,Disease,18-30
79,Male,24.7,146.0,111.0,158.0,Disease,61-80
56,Female,28.7,139.0,122.0,237.0,No Disease,51-60
19,Male,26.8,139.0,73.0,220.0,No Disease,18-30
20,Female,29.4,144.0,148.0,175.0,No Disease,18-30
66,Male,27.4,126.0,110.0,146.0,Disease,61-80
54,Female,20.6,128.0,146.0,195.0,No Disease,51-60
66,Female,32.0,116.0,87.0,184.0,Disease,61-80
73,Male,24.5,120.0,150.0,204.0,No Disease,61-80
34,Female,19.2,134.0,124.0,187.0,No Disease,31-40
76,Female,24.9,143.0,119.0,130.0,No Disease,61-80
66,Male,34.5,123.0,111.0,186.0,No Disease,61-80
19,Female,31.3,118.0,99.0,189.0,No Disease,18-30
19,Male,25.3,125.0,135.0,222.0,No Disease,18-30
45,Female,25.3,134.0,109.0,176.0,No Disease,41-50
71,Male,25.4,103.0,60.0,259.0,Disease,61-80
40,Male,37.4,91.0,77.0,133.0,No Disease,31-40
54,Female,28.9,117.0,100.0,246.0,Disease,51-60
49,Female,29.2,107.0,113.0,192.0,No Disease,41-50
50,Female,32.2,117.0,104.0,230.0,No Disease,41-50
18,Female,28.2,123.0,135.0,203.0,No Disease,18-30
36,Female,25.7,118.0,60.0,240.0,No Disease,31-40
79,Male,26.0,147.0,109.0,186.0,Disease,61-80
19,Female,26.6,130.0,60.0,162.0,No Disease,18-30
70,Male,26.8,130.0,124.0,250.0,No Disease,61-80
61,Male,30.6,134.0,103.0,196.0,No Disease,61-80
43,Female,27.3,108.0,115.0,208.0,No Disease,41-50
49,Male,30.7,141.0,83.0,243.0,No Disease,41-50
23,Male,26.6,124.0,137.0,164.0,No Disease,18-30
49,Male,27.4,135.0,131.0,221.0,Disease,41-50
72,Male,17.0,109.0,120.0,179.0,Disease,61-80
21,Female,31.6,102.0,102.0,195.0,No Disease,18-30
72,Male,28.7,137.0,119.0,203.0,No Disease,61-80
28,Female,32.0,131.0,87.0,147.0,No Disease,18-30
73,Female,15.0,111.0,126.0,173.0,No Disease,61-80
76,Male,37.4,112.0,146.0,247.0,Disease,61-80
34,Female,26.3,142.0,132.0,231.0,No Disease,31-40
80,Female,32.5,107.0,87.0,198.0,Disease,61-80
55,Female,21.8,150.0,114.0,209.0,Disease,51-60
41,Male,30.1,111.0,73.0,190.0,No Disease,41-50
22,Female,21.7,135.0,119.0,247.0,No Disease,18-30
69,Female,23.9,120.0,116.0,193.0,No Disease,61-80
51,Female,36.6,134.0,60.0,208.0,No Disease,51-60
23,Male,26.0,117.0,76.0,240.0,No Disease,18-30
39,Female,28.1,123.0,98.0,173.0,No Disease,31-40
28,Male,31.4,126.0,97.0,255.0,Disease,18-30
80,Male,29.5,110.0,75.0,146.0,No Disease,61-80
65,Male,27.8,136.0,115.0,257.0,No Disease,61-80
33,Male,28.8,117.0,111.0,187.0,No Disease,31-40
50,Male,39.0,122.0,100.0,192.0,No Disease,41-50
26,Male,26.7,110.0,86.0,134.0,No Disease,18-30
77,Female,28.0,87.0,131.0,184.0,No Disease,61-80
76,Male,32.3,122.0,146.0,164.0,Disease,61-80
23,Female,32.5,161.0,93.0,179.0,No Disease,18-30
33,Female,32.9,137.0,90.0,195.0,No Disease,31-40
46,Male,30.2,125.0,117.0,234.0,No Disease,41-50
20,Female,21.3,121.0,96.0,207.0,No Disease,18-30
37,Female,35.2,125.0,102.0,211.0,Disease,31-40
77,Female,21.3,133.0,123.0,162.0,No Disease,61-80
76,Female,28.5,107.0,60.0,169.0,Disease,61-80
53,Male,23.2,142.0,138.0,263.0,No Disease,51-60
36,Female,26.7,136.0,107.0,174.0,No Disease,31-40
43,Male,28.6,136.0,95.0,258.0,No Disease,41-50
20,Female,28.6,132.0,103.0,191.0,No Disease,18-30
80,Female,29.1,125.0,104.0,200.0,No Disease,61-80
36,Male,35.1,135.0,62.0,237.0,Disease,31-40
37,Female,29.3,134.0,142.0,245.0,Disease,31-40
49,Female,25.8,120.0,106.0,196.0,No Disease,41-50
24,Female,31.8,116.0,116.0,186.0,No Disease,18-30
69,Male,32.9,127.0,129.0,198.0,Disease,61-80
58,Female,20.9,148.0,79.0,212.0,No Disease,51-60
50,Male,30.0,106.0,117.0,231.0,No Disease,41-50
57,Female,30.5,103.0,98.0,200.0,No Disease,51-60
56,Male,25.5,127.0,126.0,222.0,No Disease,51-60
35,Male,33.9,126.0,60.0,257.0,No Disease,31-40
57,Female,26.2,128.0,103.0,213.0,No Disease,51-60
18,Female,27.6,129.0,90.0,211.0,No Disease,18-30
28,Male,26.1,122.0,116.0,147.0,Disease,18-30
45,Male,27.1,147.0,117.0,108.0,No Disease,41-50
74,Female,21.5,101.0,87.0,214.0,No Disease,61-80
42,Male,19.8,113.0,87.0,197.0,No Disease,41-50
67,Female,35.0,123.0,102.0,182.0,No Disease,61-80
40,Female,22.8,100.0,83.0,209.0,No Disease,31-40
48,Female,22.0,122.0,126.0,198.0,Disease,41-50
47,Female,16.2,150.0,96.0,239.0,No Disease,41-50
59,Male,23.8,125.0,60.0,203.0,No Disease,51-60
52,Female,20.4,128.0,96.0,174.0,No Disease,51-60
24,Male,35.2,106.0,79.0,235.0,No Disease,18-30
77,Female,32.0,116.0,64.0,192.0,No Disease,61-80
33,Male,23.6,119.0,74.0,218.0,No Disease,31-40
43,Female,38.3,120.0,108.0,183.0,No Disease,41-50
65,Male,31.9,144.0,138.0,177.0,Disease,61-80
74,Male,25.4,133.0,113.0,203.0,Disease,61-80
69,Female,15.0,108.0,90.0,200.0,Disease,61-80
77,Female,38.5,129.0,116.0,217.0,No Disease,61-80
66,Female,20.1,132.0,94.0,191.0,No Disease,61-80
19,Female,18.8,142.0,88.0,136.0,Disease,18-30
18,Male,32.1,149.0,76.0,185.0,No Disease,18-30
65,Female,39.2,110.0,61.0,228.0,Disease,61-80
79,Male,33.9,113.0,95.0,190.0,No Disease,61-80
29,Male,29.8,106.0,109.0,191.0,No Disease,18-30
22,Female,30.0,121.0,103.0,235.0,No Disease,18-30
54,Male,31.3,132.0,95.0,175.0,No Disease,51-60
49,Male,30.8,140.0,81.0,146.0,Disease,41-50
76,Male,28.4,124.0,120.0,194.0,No Disease,61-80
72,Male,27.5,120.0,72.0,183.0,No Disease,61-80
26,Female,26.7,127.0,124.0,166.0,No Disease,18-30
58,Female,23.2,112.0,80.0,194.0,No Disease,51-60
52,Female,25.6,156.0,86.0,217.0,Disease,51-60
36,Female,18.5,101.0,68.0,200.0,No Disease,31-40
65,Male,26.5,128.0,92.0,211.0,Disease,61-80
33,Male,22.1,155.0,129.0,263.0,No Disease,31-40
20,Female,21.5,125.0,118.0,188.0,No Disease,18-30
37,Female,27.9,122.0,129.0,210.0,Disease,31-40
41,Female,34.0,120.0,118.0,182.0,No Disease,41-50
71,Male,31.6,122.0,77.0,170.0,Disease,61-80
73,Female,19.1,146.0,97.0,180.0,No Disease,61-80
50,Female,22.1,92.0,85.0,183.0,No Disease,41-50
41,Female,31.7,148.0,138.0,213.0,Disease,41-50
69,Male,22.1,104.0,75.0,282.0,No Disease,61-80
28,Male,25.9,121.0,127.0,175.0,Disease,18-30
66,Male,29.8,119.0,127.0,185.0,No Disease,61-80
25,Male,22.2,134.0,151.0,198.0,Disease,18-30
53,Male,27.5,101.0,95.0,214.0,No Disease,51-60
55,Male,20.3,132.0,123.0,209.0,No Disease,51-60
57,Male,24.0,155.0,162.0,245.0,Disease,51-60
37,Male,28.6,105.0,90.0,115.0,No Disease,31-40
79,Female,19.0,128.0,67.0,116.0,No Disease,61-80
52,Female,29.2,115.0,60.0,183.0,No Disease,51-60
65,Male,26.9,131.0,123.0,238.0,No Disease,61-80
79,Male,29.8,125.0,60.0,145.0,No Disease,61-80
42,Female,28.1,115.0,96.0,100.0,No Disease,41-50
52,Male,33.8,132.0,116.0,220.0,Disease,51-60
42,Male,27.6,152.0,110.0,209.0,No Disease,41-50
46,Male,24.9,122.0,116.0,162.0,No Disease,41-50
35,Female,27.6,136.0,111.0,166.0,No Disease,31-40
63,Female,29.7,106.0,137.0,166.0,No Disease,61-80
35,Female,27.2,111.0,81.0,204.0,No Disease,31-40
19,Female,27.2,132.0,88.0,178.0,Disease,18-30
71,Female,23.5,147.0,86.0,217.0,Disease,61-80
52,Male,23.7,130.0,126.0,100.0,No Disease,51-60
33,Female,20.0,120.0,128.0,170.0,No Disease,31-40
78,Male,35.7,125.0,116.0,161.0,Disease,61-80
58,Male,20.8,106.0,135.0,191.0,Disease,51-60
53,Female,23.5,134.0,76.0,181.0,No Disease,51-60
50,Female,23.4,138.0,147.0,228.0,No Disease,41-50
21,Male,31.5,118.0,143.0,135.0,Disease,18-30
50,Male,25.5,118.0,123.0,202.0,No Disease,41-50
31,Male,33.2,129.0,150.0,220.0,Disease,31-40
38,Female,23.6,118.0,64.0,265.0,No Disease,31-40
65,Female,28.4,124.0,92.0,183.0,Disease,61-80
37,Female,22.8,156.0,87.0,211.0,No Disease,31-40
73,Female,37.7,121.0,123.0,137.0,Disease,61-80
25,Female,21.1,120.0,79.0,116.0,No Disease,18-30
24,Male,28.5,115.0,124.0,230.0,No Disease,18-30
20,Female,30.2,136.0,139.0,200.0,Disease,18-30
34,Male,29.1,122.0,122.0,241.0,Disease,31-40
50,Male,26.1,115.0,112.0,152.0,No Disease,41-50
65,Male,26.4,145.0,80.0,218.0,Disease,61-80
29,Female,27.2,146.0,84.0,265.0,Disease,18-30
76,Female,26.3,116.0,136.0,215.0,No Disease,61-80
68,Female,31.8,97.0,124.0,210.0,No Disease,61-80
39,Male,38.1,140.0,104.0,200.0,No Disease,31-40
72,Male,24.2,115.0,95.0,145.0,No Disease,61-80
39,Male,20.2,137.0,60.0,247.0,No Disease,31-40
63,Male,26.6,95.0,78.0,179.0,Disease,61-80
47,Male,39.9,138.0,153.0,218.0,No Disease,41-50
55,Male,23.0,107.0,73.0,145.0,No Disease,51-60
55,Female,35.2,136.0,110.0,159.0,No Disease,51-60
62,Female,35.4,125.0,130.0,250.0,Disease,61-80
68,Female,24.2,111.0,74.0,188.0,Disease,61-80
71,Female,29.8,119.0,110.0,251.0,No Disease,61-80
25,Male,35.1,135.0,128.0,197.0,No Disease,18-30
44,Male,25.1,127.0,105.0,136.0,No Disease,41-50
44,Female,26.0,134.0,177.0,231.0,Disease,41-50
51,Male,24.1,155.0,63.0,179.0,Disease,51-60
38,Female,21.9,102.0,131.0,224.0,Disease,31-40
47,Female,23.8,149.0,101.0,201.0,No Disease,41-50
50,Female,20.9,127.0,124.0,146.0,No Disease,41-50
45,Male,27.2,112.0,116.0,206.0,Disease,41-50
64,Female,23.2,105.0,87.0,277.0,No Disease,61-80
50,Female,28.2,122.0,111.0,217.0,Disease,41-50
22,Female,19.2,139.0,60.0,198.0,No Disease,18-30
77,Male,28.7,123.0,120.0,238.0,No Disease,61-80
78,Male,31.2,148.0,112.0,207.0,No Disease,61-80
65,Female,17.0,103.0,121.0,207.0,No Disease,61-80
36,Male,28.9,125.0,131.0,162.0,No Disease,31-40
21,Male,33.1,106.0,114.0,208.0,No Disease,18-30
52,Male,21.0,130.0,109.0,236.0,Disease,51-60
66,Male,35.4,138.0,83.0,171.0,Disease,61-80
34,Male,29.1,119.0,87.0,250.0,No Disease,31-40
61,Male,23.5,86.0,135.0,197.0,No Disease,61-80
45,Male,26.7,128.0,141.0,169.0,No Disease,41-50
47,Male,29.8,132.0,99.0,235.0,No Disease,41-50
46,Male,27.4,131.0,106.0,190.0,No Disease,41-50
63,Male,29.7,144.0,82.0,227.0,Disease,61-80
70,Female,22.4,109.0,134.0,190.0,No Disease,61-80
23,Female,27.8,135.0,122.0,198.0,No Disease,18-30
52,Male,19.9,143.0,154.0,217.0,Disease,51-60
77,Female,26.4,98.0,83.0,210.0,No Disease,61-80
58,Female,22.5,130.0,96.0,130.0,Disease,51-60
54,Male,23.3,117.0,111.0,161.0,No Disease,51-60
41,Male,33.2,124.0,121.0,233.0,No Disease,41-50
46,Male,32.5,130.0,100.0,195.0,Disease,41-50
66,Female,30.0,118.0,83.0,182.0,No Disease,61-80
63,Female,21.5,115.0,127.0,152.0,Disease,61-80
70,Male,25.4,126.0,123.0,162.0,No Disease,61-80
48,Male,33.1,109.0,82.0,129.0,No Disease,41-50
52,Male,27.7,109.0,139.0,196.0,Disease,51-60
77,Female,38.6,135.0,134.0,179.0,No Disease,61-80
50,Female,29.0,108.0,108.0,166.0,No Disease,41-50
69,Female,28.0,135.0,107.0,198.0,No Disease,61-80
80,Female,25.5,132.0,119.0,213.0,Disease,61-80
78,Male,27.7,99.0,83.0,273.0,No Disease,61-80
38,Male,26.2,115.0,106.0,147.0,No Disease,31-40
49,Male,30.5,143.0,60.0,241.0,Disease,41-50
40,Male,31.8,110.0,127.0,234.0,Disease,31-40
50,Female,23.1,118.0,66.0,173.0,No Disease,41-50
20,Female,20.3,132.0,143.0,207.0,No Disease,18-30
35,Male,17.8,137.0,97.0,184.0,No Disease,31-40
42,Male,29.5,121.0,100.0,206.0,No Disease,41-50
59,Female,21.5,116.0,89.0,253.0,No Disease,51-60
48,Male,16.2,146.0,98.0,221.0,No Disease,41-50
71,Female,28.9,151.0,140.0,218.0,Disease,61-80
75,Male,39.5,140.0,60.0,185.0,No Disease,61-80
20,Male,27.0,126.0,137.0,148.0,No Disease,18-30
57,Male,31.2,113.0,113.0,193.0,Disease,51-60
63,Male,27.4,113.0,75.0,242.0,Disease,61-80
41,Male,26.5,133.0,78.0,147.0,No Disease,41-50
67,Male,31.6,131.0,147.0,163.0,Disease,61-80
49,Male,25.5,146.0,81.0,204.0,No Disease,41-50
64,Female,28.3,135.0,76.0,166.0,No Disease,61-80
39,Female,28.6,102.0,133.0,172.0,Disease,31-40
40,Female,23.7,141.0,113.0,185.0,No Disease,31-40
19,Female,32.0,110.0,82.0,152.0,No Disease,18-30
80,Female,26.1,119.0,110.0,166.0,No Disease,61-80
44,Male,23.2,129.0,79.0,225.0,No Disease,41-50
59,Male,29.7,155.0,133.0,154.0,No Disease,51-60
19,Female,22.5,172.0,132.0,144.0,Disease,18-30
43,Male,27.1,134.0,118.0,178.0,No Disease,41-50
34,Female,27.0,122.0,114.0,226.0,No Disease,31-40
57,Female,32.4,133.0,149.0,193.0,Disease,51-60
50,Male,29.4,138.0,105.0,184.0,Disease,41-50
26,Male,26.9,120.0,75.0,202.0,No Disease,18-30
60,Male,31.1,152.0,116.0,139.0,No Disease,51-60
71,Female,34.0,128.0,157.0,217.0,Disease,61-80
65,Male,29.8,132.0,80.0,213.0,No Disease,61-80
56,Female,27.1,135.0,96.0,186.0,No Disease,51-60
46,Female,20.4,131.0,115.0,235.0,No Disease,41-50
59,Female,21.7,138.0,104.0,161.0,No Disease,51-60
72,Male,25.5,116.0,80.0,239.0,No Disease,61-80
43,Male,24.0,117.0,133.0,205.0,Disease,41-50
52,Female,26.1,108.0,163.0,188.0,Disease,51-60
67,Male,27.3,132.0,110.0,199.0,No Disease,61-80
42,Male,29.6,137.0,82.0,196.0,No Disease,41-50
41,Male,26.6,132.0,66.0,243.0,No Disease,41-50
30,Female,29.4,150.0,111.0,162.0,No Disease,18-30
77,Female,27.3,125.0,133.0,173.0,Disease,61-80
75,Male,17.1,135.0,117.0,236.0,No Disease,61-80
24,Female,22.3,109.0,105.0,179.0,No Disease,18-30
74,Male,26.3,119.0,90.0,232.0,Disease,61-80
53,Male,21.0,135.0,78.0,259.0,Disease,51-60
62,Male,30.0,138.0,126.0,186.0,No Disease,61-80
37,Male,34.7,121.0,128.0,224.0,No Disease,31-40
18,Female,33.1,124.0,66.0,160.0,No Disease,18-30
25,Female,25.9,102.0,145.0,226.0,No Disease,18-30
63,Female,34.5,120.0,119.0,207.0,No Disease,61-80
33,Male,27.7,138.0,140.0,217.0,Disease,31-40
31,Male,25.3,134.0,71.0,177.0,Disease,31-40
29,Male,23.9,133.0,71.0,142.0,No Disease,18-30
68,Female,25.5,126.0,101.0,218.0,No Disease,61-80
40,Male,25.1,125.0,118.0,128.0,No Disease,31-40
32,Female,27.9,115.0,150.0,189.0,No Disease,31-40
45,Female,27.8,135.0,123.0,233.0,No Disease,41-50
51,Female,27.0,131.0,99.0,207.0,No Disease,51-60
19,Female,29.2,132.0,79.0,268.0,Disease,18-30
49,Female,33.0,117.0,136.0,236.0,Disease,41-50
40,Female,31.7,93.0,81.0,177.0,No Disease,31-40
80,Male,19.6,141.0,146.0,201.0,Disease,61-80
39,Male,15.0,118.0,98.0,198.0,No Disease,31-40
68,Female,31.7,112.0,145.0,145.0,Disease,61-80
42,Female,20.2,135.0,122.0,167.0,No Disease,41-50
75,Male,25.9,119.0,102.0,180.0,No Disease,61-80
80,Female,21.1,141.0,92.0,129.0,No Disease,61-80
79,Female,18.0,134.0,96.0,202.0,No Disease,61-80
78,Male,29.7,135.0,116.0,191.0,No Disease,61-80
39,Female,30.8,105.0,107.0,141.0,Disease,31-40
75,Female,24.1,143.0,90.0,214.0,No Disease,61-80
75,Female,15.0,129.0,101.0,225.0,No Disease,61-80
39,Male,24.3,119.0,107.0,208.0,No Disease,31-40
66,Male,29.0,127.0,60.0,189.0,No Disease,61-80
69,Male,19.6,98.0,116.0,221.0,No Disease,61-80
59,Female,27.9,131.0,81.0,224.0,No Disease,51-60
23,Female,26.9,110.0,76.0,211.0,Disease,18-30
32,Male,29.9,105.0,63.0,171.0,No Disease,31-40
71,Female,27.6,102.0,60.0,210.0,No Disease,61-80
60,Female,22.1,142.0,71.0,242.0,No Disease,51-60
77,Female,33.0,116.0,87.0,179.0,No Disease,61-80
54,Female,26.2,148.0,154.0,273.0,No Disease,51-60
50,Female,26.9,117.0,92.0,182.0,No Disease,41-50
25,Male,22.3,99.0,109.0,201.0,No Disease,18-30
70,Female,24.8,108.0,115.0,176.0,No Disease,61-80
77,Male,22.6,144.0,108.0,208.0,No Disease,61-80
61,Female,26.1,123.0,103.0,139.0,No Disease,61-80
61,Male,35.6,117.0,75.0,181.0,No Disease,61-80
22,Female,20.1,127.0,141.0,162.0,Disease,18-30
56,Male,18.9,133.0,150.0,205.0,No Disease,51-60
21,Female,34.4,142.0,63.0,235.0,Disease,18-30
23,Male,26.0,147.0,79.0,223.0,Disease,18-30
62,Female,23.7,120.0,98.0,117.0,Disease,61-80
49,Male,32.2,105.0,81.0,271.0,No Disease,41-50
69,Female,24.0,119.0,118.0,210.0,No Disease,61-80
47,Male,36.1,129.0,87.0,173.0,No Disease,41-50
64,Male,30.4,111.0,159.0,205.0,Disease,61-80
52,Female,24.6,111.0,135.0,206.0,Disease,51-60
72,Female,37.8,130.0,110.0,177.0,No Disease,61-80
57,Male,24.0,124.0,131.0,207.0,Disease,51-60
69,Female,30.7,125.0,133.0,179.0,Disease,61-80
33,Male,28.5,114.0,91.0,186.0,No Disease,31-40
30,Male,33.5,122.0,85.0,176.0,No Disease,18-30
67,Male,34.8,111.0,107.0,150.0,No Disease,61-80
77,Female,27.2,138.0,127.0,205.0,Disease,61-80
59,Male,23.2,141.0,108.0,220.0,No Disease,51-60
47,Male,29.3,97.0,66.0,218.0,No Disease,41-50
36,Female,23.6,111.0,85.0,229.0,No Disease,31-40
34,Female,37.1,103.0,103.0,211.0,No Disease,31-40
73,Female,27.7,115.0,103.0,181.0,No Disease,61-80
80,Female,25.2,124.0,154.0,229.0,Disease,61-80
36,Male,27.9,103.0,70.0,152.0,Disease,31-40
45,Male,20.3,111.0,118.0,168.0,No Disease,41-50
75,Male,22.1,110.0,142.0,166.0,No Disease,61-80
72,Male,33.0,128.0,162.0,238.0,No Disease,61-80
43,Female,23.7,126.0,95.0,233.0,No Disease,41-50
54,Male,21.8,114.0,117.0,217.0,No Disease,51-60
43,Male,29.7,128.0,119.0,238.0,No Disease,41-50
70,Female,32.9,117.0,110.0,169.0,No Disease,61-80
79,Male,30.6,121.0,103.0,212.0,Disease,61-80
40,Male,32.0,150.0,116.0,196.0,No Disease,31-40
80,Male,23.2,145.0,60.0,230.0,Disease,61-80
26,Male,19.9,106.0,122.0,196.0,No Disease,18-30
29,Male,34.5,137.0,108.0,187.0,Disease,18-30
70,Male,25.4,137.0,99.0,219.0,No Disease,61-80
18,Female,25.7,108.0,156.0,231.0,No Disease,18-30
75,Female,33.6,137.0,88.0,177.0,No Disease,61-80
75,Male,29.8,148.0,95.0,198.0,Disease,61-80
18,Male,29.3,108.0,155.0,163.0,No Disease,18-30
64,Female,37.8,111.0,84.0,113.0,Disease,61-80
51,Male,23.8,140.0,91.0,207.0,No Disease,51-60
49,Male,31.6,129.0,101.0,221.0,No Disease,41-50
79,Male,27.3,133.0,126.0,209.0,No Disease,61-80
71,Female,28.3,130.0,110.0,132.0,No Disease,61-80
65,Male,34.6,131.0,73.0,188.0,No Disease,61-80
42,Female,29.5,105.0,92.0,122.0,No Disease,41-50
57,Male,29.7,141.0,90.0,248.0,No Disease,51-60
62,Female,32.4,143.0,103.0,162.0,Disease,61-80
70,Female,25.2,122.0,116.0,244.0,No Disease,61-80
18,Male,22.8,124.0,115.0,233.0,No Disease,18-30
33,Female,21.8,102.0,61.0,168.0,No Disease,31-40
78,Male,17.2,133.0,132.0,160.0,Disease,61-80
56,Female,37.3,134.0,111.0,212.0,No Disease,51-60
80,Male,21.5,124.0,140.0,170.0,No Disease,61-80
22,Male,25.9,142.0,116.0,204.0,No Disease,18-30
39,Female,25.6,120.0,133.0,183.0,No Disease,31-40
46,Male,28.5,133.0,117.0,138.0,No Disease,41-50
72,Male,31.1,110.0,139.0,122.0,No Disease,61-80
20,Female,31.3,125.0,118.0,208.0,Disease,18-30
29,Male,24.1,122.0,103.0,180.0,No Disease,18-30
43,Male,26.2,128.0,162.0,181.0,No Disease,41-50
33,Female,28.4,119.0,127.0,224.0,No Disease,31-40
68,Female,25.8,123.0,119.0,241.0,No Disease,61-80
54,Male,35.0,137.0,73.0,190.0,No Disease,51-60
39,Male,29.5,118.0,73.0,188.0,Disease,31-40
74,Female,30.7,101.0,112.0,218.0,No Disease,61-80
46,Female,30.3,151.0,109.0,153.0,Disease,41-50
31,Male,32.9,146.0,90.0,208.0,Disease,31-40
45,Female,27.9,106.0,109.0,219.0,No Disease,41-50
22,Male,20.5,135.0,145.0,224.0,Disease,18-30
64,Male,29.0,117.0,122.0,132.0,No Disease,61-80
66,Male,23.7,129.0,76.0,173.0,No Disease,61-80
47,Male,24.4,129.0,102.0,169.0,No Disease,41-50
63,Male,29.9,121.0,85.0,203.0,Disease,61-80
79,Female,33.2,113.0,95.0,217.0,Disease,61-80
69,Female,27.1,115.0,95.0,252.0,Disease,61-80
22,Female,28.5,111.0,93.0,183.0,No Disease,18-30
29,Female,35.5,113.0,74.0,183.0,No Disease,18-30
33,Male,28.2,124.0,102.0,240.0,No Disease,31-40
43,Male,40.0,114.0,91.0,210.0,Disease,41-50
43,Male,29.8,135.0,60.0,244.0,No Disease,41-50
65,Male,18.2,147.0,156.0,210.0,Disease,61-80
38,Female,30.8,116.0,132.0,160.0,Disease,31-40
56,Male,28.9,129.0,96.0,153.0,No Disease,51-60
53,Male,33.4,132.0,105.0,146.0,No Disease,51-60
50,Female,30.4,132.0,76.0,223.0,Disease,41-50
79,Female,26.3,126.0,147.0,242.0,Disease,61-80
47,Female,20.9,136.0,152.0,265.0,No Disease,41-50
54,Female,26.0,132.0,109.0,230.0,Disease,51-60
40,Male,22.7,106.0,131.0,241.0,Disease,31-40
75,Male,24.1,138.0,109.0,180.0,No Disease,61-80
27,Female,29.9,138.0,72.0,160.0,No Disease,18-30
71,Male,35.3,114.0,95.0,230.0,No Disease,61-80
22,Male,29.0,126.0,108.0,215.0,No Disease,18-30
53,Male,21.0,135.0,94.0,204.0,No Disease,51-60
51,Female,29.2,122.0,100.0,214.0,Disease,51-60
69,Male,33.0,141.0,103.0,211.0,No Disease,61-80
48,Female,24.0,160.0,103.0,245.0,No Disease,41-50
27,Male,26.3,113.0,106.0,245.0,No Disease,18-30
75,Male,27.1,104.0,78.0,219.0,No Disease,61-80
36,Male,23.1,130.0,87.0,230.0,No Disease,31-40
75,Female,30.2,136.0,73.0,218.0,Disease,61-80
49,Male,26.4,122.0,129.0,184.0,Disease,41-50
18,Female,29.1,147.0,60.0,226.0,No Disease,18-30
73,Female,22.6,105.0,134.0,151.0,No Disease,61-80
22,Female,24.8,135.0,140.0,237.0,No Disease,18-30
62,Male,30.6,116.0,97.0,158.0,No Disease,61-80
21,Male,25.1,151.0,60.0,210.0,No Disease,18-30
33,Male,35.6,155.0,96.0,170.0,Disease,31-40
41,Male,25.0,114.0,103.0,219.0,No Disease,41-50
33,Female,28.1,117.0,80.0,199.0,No Disease,31-40
72,Female,31.7,138.0,92.0,144.0,Disease,61-80
19,Female,19.9,119.0,143.0,215.0,No Disease,18-30
66,Male,18.2,124.0,122.0,180.0,No Disease,61-80
45,Female,19.4,125.0,82.0,231.0,No Disease,41-50
49,Male,33.3,96.0,65.0,200.0,Disease,41-50
44,Female,24.2,125.0,97.0,214.0,No Disease,41-50
37,Male,39.8,115.0,100.0,166.0,No Disease,31-40
41,Male,24.2,118.0,117.0,179.0,No Disease,41-50
29,Female,27.9,147.0,92.0,184.0,No Disease,18-30
67,Female,34.7,106.0,118.0,230.0,No Disease,61-80
52,Female,37.0,137.0,153.0,259.0,Disease,51-60
77,Female,37.3,121.0,125.0,172.0,No Disease,61-80
50,Male,33.0,121.0,104.0,238.0,No Disease,41-50
50,Female,32.1,137.0,100.0,124.0,No Disease,41-50
78,Female,30.0,130.0,96.0,158.0,No Disease,61-80
68,Female,30.9,134.0,135.0,166.0,No Disease,61-80
60,Male,24.2,140.0,89.0,153.0,Disease,51-60
54,Male,22.9,120.0,106.0,145.0,No Disease,51-60
29,Female,27.0,116.0,106.0,214.0,No Disease,18-30
20,Male,26.1,109.0,92.0,193.0,No Disease,18-30
18,Female,24.7,113.0,71.0,213.0,No Disease,18-30
50,Male,30.5,169.0,113.0,224.0,No Disease,41-50
57,Male,31.8,144.0,103.0,209.0,No Disease,51-60
27,Male,27.4,105.0,118.0,223.0,No Disease,18-30
60,Male,34.4,105.0,92.0,198.0,No Disease,51-60
61,Female,21.3,132.0,136.0,158.0,No Disease,61-80
46,Female,26.0,133.0,83.0,237.0,No Disease,41-50
30,Female,23.4,133.0,148.0,179.0,No Disease,18-30
29,Male,17.7,121.0,61.0,167.0,No Disease,18-30
48,Female,26.6,123.0,116.0,194.0,No Disease,41-50
63,Female,26.4,130.0,117.0,168.0,No Disease,61-80
19,Female,34.6,126.0,85.0,185.0,No Disease,18-30
78,Male,30.2,92.0,116.0,212.0,Disease,61-80
68,Male,21.9,122.0,137.0,212.0,No Disease,61-80
67,Male,36.3,112.0,60.0,169.0,Disease,61-80
52,Female,33.1,128.0,118.0,183.0,Disease,51-60
40,Female,29.9,170.0,60.0,238.0,No Disease,31-40
34,Female,25.9,131.0,81.0,217.0,Disease,31-40
43,Male,22.2,120.0,146.0,273.0,Disease,41-50
25,Male,25.1,139.0,90.0,241.0,No Disease,18-30
46,Female,32.4,132.0,76.0,240.0,No Disease,41-50
43,Male,36.4,131.0,100.0,151.0,No Disease,41-50
27,Male,34.7,134.0,157.0,227.0,No Disease,18-30
43,Male,24.6,156.0,60.0,198.0,No Disease,41-50
79,Male,21.4,108.0,79.0,181.0,No Disease,61-80
51,Female,27.7,132.0,142.0,206.0,Disease,51-60
68,Male,18.2,111.0,151.0,233.0,Disease,61-80
58,Male,28.6,133.0,102.0,218.0,No Disease,51-60
24,Male,26.3,111.0,74.0,169.0,Disease,18-30
21,Male,24.7,119.0,157.0,226.0,Disease,18-30
75,Female,19.0,121.0,145.0,178.0,No Disease,61-80
70,Female,29.6,140.0,122.0,208.0,No Disease,61-80
67,Male,24.3,139.0,85.0,189.0,Disease,61-80
62,Male,21.2,106.0,104.0,192.0,Disease,61-80
28,Male,15.0,126.0,101.0,227.0,No Disease,18-30
46,Male,26.9,114.0,113.0,164.0,No Disease,41-50
73,Male,35.9,106.0,141.0,268.0,No Disease,61-80
53,Male,35.3,122.0,127.0,136.0,Disease,51-60
42,Female,24.7,120.0,78.0,179.0,No Disease,41-50
38,Male,24.0,161.0,139.0,213.0,No Disease,31-40
78,Female,29.3,131.0,113.0,220.0,No Disease,61-80
74,Female,22.0,104.0,122.0,196.0,Disease,61-80
53,Male,28.5,117.0,142.0,198.0,No Disease,51-60
27,Female,30.8,140.0,77.0,214.0,Disease,18-30
54,Female,33.1,156.0,104.0,192.0,Disease,51-60
26,Female,26.5,101.0,92.0,249.0,No Disease,18-30
41,Female,26.0,97.0,66.0,229.0,No Disease,41-50
52,Female,22.6,153.0,114.0,231.0,No Disease,51-60
66,Female,22.9,131.0,168.0,166.0,Disease,61-80
52,Male,25.9,112.0,60.0,197.0,No Disease,51-60
65,Female,28.8,133.0,104.0,189.0,No Disease,61-80
53,Female,31.6,85.0,121.0,165.0,No Disease,51-60
35,Female,23.0,125.0,108.0,213.0,No Disease,31-40
66,Male,34.5,130.0,102.0,181.0,Disease,61-80
56,Female,25.6,139.0,73.0,223.0,No Disease,51-60
49,Male,26.9,110.0,111.0,163.0,No Disease,41-50
41,Female,23.3,126.0,86.0,260.0,No Disease,41-50
40,Male,15.0,111.0,60.0,169.0,No Disease,31-40
79,Male,31.4,129.0,135.0,208.0,Disease,61-80
49,Female,30.7,112.0,129.0,228.0,Disease,41-50
54,Female,25.6,119.0,106.0,180.0,Disease,51-60
29,Male,27.3,110.0,111.0,230.0,No Disease,18-30
66,Female,29.6,135.0,132.0,157.0,Disease,61-80
72,Male,19.2,138.0,111.0,251.0,No Disease,61-80
30,Male,24.4,121.0,128.0,200.0,No Disease,18-30
40,Male,31.0,126.0,98.0,179.0,No Disease,31-40
42,Male,20.7,103.0,138.0,190.0,Disease,41-50
52,Male,28.5,121.0,113.0,228.0,Disease,51-60
58,Female,20.2,124.0,110.0,180.0,No Disease,51-60
47,Male,29.3,164.0,73.0,174.0,No Disease,41-50
34,Male,26.8,108.0,112.0,192.0,No Disease,31-40
66,Female,18.9,147.0,84.0,159.0,Disease,61-80
79,Male,32.8,140.0,89.0,264.0,Disease,61-80
37,Female,23.3,129.0,85.0,180.0,No Disease,31-40
65,Female,22.9,151.0,78.0,229.0,Disease,61-80
42,Female,28.0,131.0,158.0,207.0,No Disease,41-50
39,Male,32.7,131.0,138.0,166.0,No Disease,31-40
30,Male,21.9,124.0,153.0,200.0,Disease,18-30
76,Male,27.3,143.0,74.0,227.0,No Disease,61-80
36,Female,29.1,141.0,107.0,193.0,No Disease,31-40
66,Male,30.5,116.0,73.0,242.0,Disease,61-80
53,Female,27.9,105.0,88.0,236.0,No Disease,51-60
29,Male,25.2,122.0,82.0,232.0,No Disease,18-30
78,Female,22.9,113.0,136.0,184.0,Disease,61-80
58,Male,27.4,124.0,95.0,162.0,Disease,51-60
36,Male,21.6,144.0,132.0,179.0,No Disease,31-40
29,Male,15.0,118.0,120.0,207.0,No Disease,18-30
26,Female,29.2,124.0,163.0,219.0,No Disease,18-30
24,Female,31.5,126.0,68.0,124.0,Disease,18-30
45,Male,15.2,138.0,136.0,200.0,No Disease,41-50
31,Male,22.0,91.0,134.0,206.0,No Disease,31-40
48,Female,30.1,116.0,81.0,190.0,No Disease,41-50
69,Female,37.3,128.0,130.0,245.0,Disease,61-80
36,Female,27.1,143.0,113.0,215.0,Disease,31-40
75,Male,23.4,118.0,99.0,246.0,Disease,61-80
64,Female,26.1,97.0,84.0,192.0,No Disease,61-80
33,Male,33.9,134.0,87.0,233.0,No Disease,31-40
70,Female,23.8,115.0,156.0,257.0,No Disease,61-80
22,Male,23.0,107.0,105.0,246.0,No Disease,18-30
52,Female,24.6,116.0,125.0,162.0,No Disease,51-60
29,Female,22.2,122.0,85.0,191.0,No Disease,18-30
42,Female,27.6,116.0,86.0,188.0,No Disease,41-50
69,Female,35.1,92.0,132.0,217.0,No Disease,61-80
76,Female,28.6,138.0,71.0,224.0,Disease,61-80
38,Male,25.7,144.0,95.0,171.0,No Disease,31-40
53,Female,25.5,135.0,106.0,202.0,Disease,51-60
70,Female,19.2,108.0,108.0,129.0,No Disease,61-80
40,Female,31.4,122.0,101.0,250.0,No Disease,31-40
33,Male,26.6,125.0,115.0,182.0,No Disease,31-40
74,Female,26.1,134.0,122.0,202.0,No Disease,61-80
56,Male,43.0,135.0,123.0,189.0,Disease,51-60
62,Female,28.5,114.0,80.0,240.0,No Disease,61-80
70,Female,23.2,126.0,98.0,101.0,No Disease,61-80
59,Male,24.9,132.0,135.0,199.0,No Disease,51-60
75,Female,32.7,147.0,127.0,196.0,Disease,61-80
56,Male,27.6,136.0,71.0,184.0,No Disease,51-60
31,Male,19.8,137.0,114.0,260.0,No Disease,31-40
48,Female,31.6,126.0,60.0,169.0,Disease,41-50
75,Male,23.7,146.0,106.0,227.0,Disease,61-80
22,Female,36.4,131.0,152.0,212.0,Disease,18-30
52,Female,32.4,112.0,81.0,244.0,No Disease,51-60
40,Male,24.8,146.0,84.0,177.0,No Disease,31-40
46,Male,33.4,135.0,124.0,174.0,Disease,41-50
60,Male,27.3,118.0,66.0,238.0,Disease,51-60
28,Male,31.3,118.0,89.0,215.0,No Disease,18-30
35,Female,29.4,129.0,120.0,146.0,No Disease,31-40
64,Female,22.8,132.0,89.0,181.0,No Disease,61-80
29,Male,23.8,128.0,99.0,214.0,No Disease,18-30
26,Female,32.1,130.0,124.0,229.0,No Disease,18-30
27,Female,25.3,150.0,116.0,176.0,Disease,18-30
75,Female,25.0,141.0,112.0,100.0,Disease,61-80
61,Female,22.2,128.0,97.0,218.0,No Disease,61-80
34,Male,29.1,139.0,114.0,157.0,No Disease,31-40
78,Male,37.3,110.0,102.0,129.0,Disease,61-80
55,Female,21.7,131.0,116.0,101.0,No Disease,51-60
24,Male,27.1,152.0,93.0,228.0,No Disease,18-30
63,Male,34.1,122.0,100.0,205.0,No Disease,61-80
30,Male,26.6,112.0,80.0,192.0,No Disease,18-30
57,Female,29.3,115.0,104.0,249.0,Disease,51-60
59,Female,21.7,109.0,85.0,222.0,Disease,51-60
26,Female,29.1,113.0,77.0,257.0,No Disease,18-30
67,Male,26.1,119.0,111.0,151.0,No Disease,61-80
44,Female,31.9,104.0,110.0,199.0,Disease,41-50
75,Female,32.9,125.0,125.0,143.0,No Disease,61-80
19,Male,39.9,139.0,94.0,192.0,No Disease,18-30
22,Female,29.9,111.0,115.0,191.0,No Disease,18-30
46,Female,28.6,148.0,119.0,222.0,No Disease,41-50
54,Male,28.0,133.0,116.0,202.0,No Disease,51-60
55,Male,25.2,140.0,84.0,222.0,Disease,51-60
36,Male,28.7,115.0,109.0,225.0,No Disease,31-40
25,Female,25.5,138.0,114.0,275.0,Disease,18-30
65,Female,27.8,109.0,105.0,189.0,No Disease,61-80
62,Female,33.6,138.0,60.0,167.0,No Disease,61-80
18,Male,22.0,128.0,109.0,209.0,No Disease,18-30
39,Male,32.7,133.0,160.0,172.0,No Disease,31-40
69,Female,33.6,107.0,96.0,252.0,Disease,61-80
34,Female,26.4,112.0,87.0,190.0,No Disease,31-40
80,Male,16.4,134.0,114.0,180.0,No Disease,61-80
24,Male,24.0,111.0,113.0,184.0,No Disease,18-30
42,Male,33.5,132.0,135.0,225.0,No Disease,41-50
62,Male,26.9,104.0,74.0,194.0,Disease,61-80
21,Female,22.0,138.0,123.0,178.0,No Disease,18-30
53,Male,24.5,107.0,120.0,258.0,No Disease,51-60
23,Female,31.2,133.0,101.0,170.0,Disease,18-30
77,Female,29.7,134.0,113.0,201.0,Disease,61-80
48,Female,25.8,115.0,131.0,223.0,No Disease,41-50
36,Male,25.2,134.0,127.0,143.0,Disease,31-40
78,Male,25.0,129.0,76.0,217.0,No Disease,61-80
61,Male,22.4,117.0,126.0,163.0,No Disease,61-80
71,Male,35.1,110.0,103.0,229.0,No Disease,61-80
56,Female,25.4,96.0,107.0,166.0,Disease,51-60
44,Male,33.1,130.0,107.0,224.0,No Disease,41-50
27,Male,34.6,102.0,101.0,239.0,No Disease,18-30
43,Female,32.0,126.0,135.0,230.0,No Disease,41-50
36,Male,24.8,121.0,103.0,209.0,No Disease,31-40
56,Female,29.0,135.0,77.0,192.0,No Disease,51-60
79,Female,26.9,120.0,95.0,180.0,No Disease,61-80
20,Female,22.5,120.0,109.0,251.0,No Disease,18-30
62,Female,28.6,136.0,136.0,176.0,Disease,61-80
30,Female,21.1,130.0,120.0,164.0,No Disease,18-30
67,Female,32.9,130.0,84.0,223.0,No Disease,61-80
45,Female,24.7,132.0,167.0,172.0,Disease,41-50
79,Female,28.0,102.0,112.0,167.0,Disease,61-80
75,Male,28.4,136.0,137.0,149.0,No Disease,61-80
37,Male,25.7,134.0,101.0,183.0,No Disease,31-40
45,Male,29.9,110.0,118.0,197.0,No Disease,41-50
25,Male,24.6,121.0,126.0,209.0,No Disease,18-30
78,Female,31.4,124.0,135.0,233.0,Disease,61-80
80,Male,20.3,123.0,131.0,218.0,No Disease,61-80
58,Female,27.6,130.0,127.0,193.0,Disease,51-60
56,Male,36.7,146.0,97.0,193.0,Disease,51-60
18,Male,22.0,141.0,91.0,218.0,No Disease,18-30
20,Male,23.6,105.0,113.0,245.0,No Disease,18-30
30,Female,29.6,134.0,128.0,204.0,No Disease,18-30
45,Male,27.9,145.0,99.0,184.0,No Disease,41-50
79,Female,28.8,131.0,132.0,165.0,No Disease,61-80
74,Female,29.4,141.0,141.0,149.0,Disease,61-80
80,Male,30.2,155.0,82.0,223.0,Disease,61-80
77,Male,32.5,140.0,84.0,220.0,No Disease,61-80
66,Male,29.0,129.0,101.0,220.0,No Disease,61-80
42,Female,25.8,141.0,113.0,195.0,No Disease,41-50
73,Male,30.4,127.0,92.0,249.0,No Disease,61-80
50,Female,36.5,125.0,139.0,183.0,Disease,41-50
55,Female,26.3,120.0,116.0,233.0,No Disease,51-60
70,Male,22.1,148.0,106.0,199.0,No Disease,61-80
23,Male,32.5,113.0,69.0,179.0,Disease,18-30
75,Female,26.4,148.0,72.0,221.0,Disease,61-80
61,Female,16.1,132.0,112.0,214.0,No Disease,61-80
62,Female,31.2,104.0,60.0,212.0,Disease,61-80
49,Male,24.3,131.0,130.0,203.0,Disease,41-50
62,Female,26.5,93.0,101.0,199.0,Disease,61-80
78,Male,28.7,134.0,186.0,284.0,No Disease,61-80
64,Female,28.0,138.0,163.0,241.0,No Disease,61-80
38,Female,30.5,116.0,100.0,225.0,No Disease,31-40
33,Male,24.8,127.0,102.0,204.0,No Disease,31-40
71,Female,29.6,154.0,130.0,235.0,Disease,61-80
38,Male,25.7,117.0,148.0,218.0,No Disease,31-40
28,Male,30.7,109.0,64.0,201.0,Disease,18-30
77,Female,30.1,147.0,60.0,189.0,Disease,61-80
54,Male,22.3,154.0,89.0,197.0,No Disease,51-60
53,Male,32.4,125.0,120.0,100.0,No Disease,51-60
52,Female,24.3,140.0,117.0,207.0,No Disease,51-60
36,Male,31.0,145.0,132.0,183.0,Disease,31-40
37,Male,28.8,114.0,75.0,256.0,No Disease,31-40
74,Male,36.2,118.0,60.0,201.0,Disease,61-80
35,Female,25.9,143.0,126.0,158.0,Disease,31-40
64,Male,25.3,150.0,84.0,198.0,Disease,61-80
58,Female,26.9,133.0,60.0,163.0,No Disease,51-60
66,Female,25.5,112.0,109.0,217.0,No Disease,61-80
31,Male,31.0,155.0,125.0,210.0,Disease,31-40
32,Male,18.9,117.0,102.0,234.0,No Disease,31-40
48,Male,21.7,120.0,94.0,172.0,No Disease,41-50
18,Female,21.7,130.0,101.0,201.0,No Disease,18-30
70,Male,31.8,148.0,96.0,152.0,Disease,61-80
71,Male,35.6,138.0,71.0,225.0,Disease,61-80
71,Male,26.5,131.0,87.0,218.0,No Disease,61-80
20,Male,26.2,132.0,118.0,217.0,No Disease,18-30
33,Male,27.4,126.0,113.0,200.0,No Disease,31-40
40,Female,32.8,133.0,109.0,215.0,No Disease,31-40
74,Female,22.4,87.0,80.0,256.0,No Disease,61-80
28,Male,28.2,121.0,100.0,190.0,No Disease,18-30
29,Male,31.9,129.0,60.0,205.0,No Disease,18-30
27,Male,29.5,108.0,109.0,162.0,No Disease,18-30
49,Male,27.9,131.0,141.0,170.0,Disease,41-50
33,Female,32.0,122.0,68.0,203.0,No Disease,31-40
25,Male,15.0,151.0,90.0,239.0,No Disease,18-30
55,Female,30.4,149.0,113.0,191.0,Disease,51-60
29,Female,23.7,118.0,136.0,192.0,No Disease,18-30
41,Male,17.8,123.0,94.0,186.0,No Disease,41-50
45,Female,29.6,124.0,88.0,181.0,No Disease,41-50
70,Female,33.9,118.0,60.0,210.0,No Disease,61-80
25,Female,26.3,128.0,108.0,148.0,No Disease,18-30
75,Female,31.8,114.0,156.0,245.0,No Disease,61-80
45,Male,35.1,108.0,112.0,177.0,No Disease,41-50
53,Male,33.6,134.0,104.0,225.0,No Disease,51-60
43,Female,35.2,134.0,113.0,156.0,No Disease,41-50
25,Male,30.7,113.0,105.0,223.0,No Disease,18-30
75,Male,27.4,138.0,85.0,224.0,No Disease,61-80
77,Male,19.0,116.0,126.0,213.0,Disease,61-80
67,Male,25.8,129.0,111.0,165.0,No Disease,61-80
45,Male,22.8,137.0,105.0,209.0,No Disease,41-50
45,Female,37.9,124.0,81.0,159.0,No Disease,41-50
54,Male,26.1,132.0,138.0,191.0,Disease,51-60
58,Male,27.6,117.0,122.0,236.0,No Disease,51-60
53,Male,29.8,122.0,91.0,228.0,Disease,51-60
44,Male,27.2,122.0,130.0,201.0,Disease,41-50
71,Female,35.5,114.0,93.0,166.0,No Disease,61-80
80,Female,23.9,122.0,85.0,223.0,No Disease,61-80
34,Female,28.0,102.0,86.0,201.0,No Disease,31-40
26,Female,23.3,118.0,61.0,119.0,No Disease,18-30
50,Male,20.4,121.0,117.0,227.0,No Disease,41-50
70,Female,23.9,121.0,60.0,199.0,No Disease,61-80
37,Male,26.8,121.0,74.0,242.0,Disease,31-40
30,Male,24.9,124.0,60.0,162.0,No Disease,18-30
45,Male,23.5,132.0,103.0,100.0,No Disease,41-50
65,Male,20.0,138.0,101.0,210.0,No Disease,61-80
46,Male,26.6,115.0,97.0,210.0,No Disease,41-50
30,Female,19.5,107.0,79.0,141.0,No Disease,18-30
63,Female,30.8,109.0,76.0,166.0,No Disease,61-80
52,Female,27.4,118.0,117.0,296.0,No Disease,51-60
78,Female,19.7,120.0,91.0,189.0,No Disease,61-80
23,Male,25.5,113.0,113.0,226.0,No Disease,18-30
35,Female,23.2,106.0,83.0,177.0,No Disease,31-40
68,Male,28.6,118.0,110.0,127.0,Disease,61-80
22,Female,33.7,128.0,138.0,194.0,No Disease,18-30
