Order ID,Customer ID,Product,Category,Quantity,Price,City,Order Date
O0001,C103,Laptop,Electronics,5,125350.09,Jaffna,2025-01-01 00:00:00.000000000
O0002,C271,Mouse,Electronics,5,108465.92,Colombo,2025-01-01 08:44:41.081081081
O0003,C107,Mouse,Accessories,8,114696.05,colombo,2025-01-01 17:29:22.162162162
O0004,C072,Monitor,Electronics,8,52616.24,Jaffna,2025-01-02 02:14:03.243243243
O0005,C189,Smart Watch,Electronics,7,,Jaffna,2025-01-02 10:58:44.324324324
O0006,C021,Smart Watch,Electronics,7,92768.41,Negombo,2025-01-02 19:43:25.405405405
O0007,C103,Headphones,Electronics,6,13562.58,Negombo,2025-01-03 04:28:06.486486486
O0008,C122,Phone,Electronics,6,192008.12,colombo,2025-01-03 13:12:47.567567567
O0009,C215,Laptop,Electronics,9,104417.86,Colombo,2025-01-03 21:57:28.648648648
O0010,C088,Monitor,Electronics,6,205633.88,Jaffna ,2025-01-04 06:42:09.729729729
O0011,C100,Headphones,Accessories,2,212661.83,Kandy,2025-01-04 15:26:50.810810810
O0012,C152,Tablet,Accessories,2,53392.52,Galle,2025-01-05 00:11:31.891891891
O0013,C131,Phone,Electronics,5,164509.69,KANDY,2025-01-05 08:56:12.972972973
O0014,C150,Phone,Accessories,4,118334.31,Galle,2025-01-05 17:40:54.054054054
O0015,C258,Monitor,Electronics,2,220099.11,galle,2025-01-06 02:25:35.135135135
O0016,C294,Keyboard,Electronics,3,54327.3,Negombo,2025-01-06 11:10:16.216216216
O0017,C192,Laptop,Accessories,7,169614.39,colombo,2025-01-06 19:54:57.297297297
O0018,C277,Phone,Electronics,8,152134.15,Galle,2025-01-07 04:39:38.378378378
O0019,C161,Monitor,Electronics,6,74177.72,Colombo,2025-01-07 13:24:19.459459459
O0020,C022,Monitor,Electronics,5,34581.93,KANDY,2025-01-07 22:09:00.540540540
O0021,C253,Headphones,Electronics,1,163084.12,Galle,2025-01-08 06:53:41.621621621
O0022,C236,Tablet,Electronics,8,184780.07,KANDY,2025-01-08 15:38:22.702702702
O0023,C049,Keyboard,Accessories,-1,79249.02,Colombo,2025-01-09 00:23:03.783783783
O0024,C059,Laptop,Electronics,6,161385.73,Colombo,2025-01-09 09:07:44.864864864
O0025,C170,Smart Watch,Electronics,3,99085.16,Kandy,2025-01-09 17:52:25.945945946
O0026,C188,Mouse,Electronics,7,178445.12,Jaffna,2025-01-10 02:37:07.027027027
O0027,C271,Tablet,Electronics,7,50204.21,KANDY,2025-01-10 11:21:48.108108108
O0028,C190,Tablet,Accessories,9,222608.64,Colombo,2025-01-10 20:06:29.189189189
O0029,C175,Headphones,Electronics,5,72208.69,KANDY,2025-01-11 04:51:10.270270270
O0030,C051,Smart Watch,Electronics,8,92262.6,KANDY,2025-01-11 13:35:51.351351351
O0031,C055,Phone,Electronics,10,14993.94,Jaffna ,2025-01-11 22:20:32.432432432
O0032,C244,Phone,Electronics,10,28322.3,Jaffna ,2025-01-12 07:05:13.513513513
O0033,C131,Headphones,Accessories,8,129207.54,Colombo,2025-01-12 15:49:54.594594594
O0034,C135,Monitor,Accessories,1,67264.37,Jaffna ,2025-01-13 00:34:35.675675675
O0035,C021,Phone,Electronics,5,208952.32,galle,2025-01-13 09:19:16.756756756
O0036,C167,Keyboard,Accessories,3,4166.0,Kandy,2025-01-13 18:03:57.837837837
O0037,C274,Laptop,Electronics,1,95083.97,colombo,2025-01-14 02:48:38.918918919
O0038,C089,Tablet,Electronics,4,84667.71,Colombo,2025-01-14 11:33:20.000000000
O0039,C014,Tablet,Electronics,8,5322.24,Colombo,2025-01-14 20:18:01.081081081
O0040,C242,Keyboard,Accessories,3,31529.92,galle,2025-01-15 05:02:42.162162162
O0041,C265,Smart Watch,Accessories,10,103703.85,Negombo,2025-01-15 13:47:23.243243243
O0042,C053,Phone,Electronics,2,123469.71,Negombo,2025-01-15 22:32:04.324324324
O0043,C092,Tablet,Electronics,9,101370.29,Jaffna ,2025-01-16 07:16:45.405405405
O0044,C264,Mouse,Electronics,10,132968.95,colombo,2025-01-16 16:01:26.486486486
O0045,C035,Smart Watch,Electronics,5,148985.35,Jaffna ,2025-01-17 00:46:07.567567567
O0046,C206,Laptop,Electronics,7,2975.99,Colombo,2025-01-17 09:30:48.648648648
O0047,C081,Laptop,Accessories,2,116291.74,Colombo,2025-01-17 18:15:29.729729729
O0048,C050,Tablet,Electronics,9,240893.06,Jaffna,2025-01-18 03:00:10.810810810
O0049,C002,Headphones,Electronics,9,129998.55,Colombo,2025-01-18 11:44:51.891891892
O0050,C054,Smart Watch,Electronics,4,169546.8,Negombo,2025-01-18 20:29:32.972972973
O0051,C106,Tablet,Electronics,4,78310.03,Kandy,2025-01-19 05:14:14.054054054
O0052,C260,Headphones,Electronics,6,193610.85,Colombo,2025-01-19 13:58:55.135135135
O0053,C191,Tablet,Electronics,10,193343.91,Jaffna ,2025-01-19 22:43:36.216216216
O0054,C218,Mouse,Electronics,10,130563.36,KANDY,2025-01-20 07:28:17.297297297
O0055,C044,Smart Watch,Accessories,10,244015.45,Colombo,2025-01-20 16:12:58.378378378
O0056,C162,Monitor,Electronics,6,31824.78,Kandy,2025-01-21 00:57:39.459459459
O0057,C202,Laptop,Electronics,1,4728.44,Kandy,2025-01-21 09:42:20.540540540
O0058,C270,Tablet,Accessories,9,192654.47,Jaffna ,2025-01-21 18:27:01.621621621
O0059,C271,Mouse,Accessories,2,201885.31,Colombo,2025-01-22 03:11:42.702702702
O0060,C215,Headphones,Electronics,5,,Negombo,2025-01-22 11:56:23.783783783
O0061,C252,Headphones,Electronics,-1,66762.92,Kandy,2025-01-22 20:41:04.864864865
O0062,C190,Laptop,Electronics,4,4879.31,Jaffna,2025-01-23 05:25:45.945945946
O0063,C296,Keyboard,Accessories,3,73680.5,Jaffna ,2025-01-23 14:10:27.027027027
O0064,C213,Tablet,Electronics,7,193398.9,Kandy,2025-01-23 22:55:08.108108108
O0065,C208,Smart Watch,Accessories,6,129731.15,colombo,2025-01-24 07:39:49.189189189
O0066,C237,Phone,Accessories,8,87349.85,Colombo,2025-01-24 16:24:30.270270270
O0067,C053,Headphones,Electronics,3,93248.95,Colombo,2025-01-25 01:09:11.351351351
O0068,C280,Smart Watch,Electronics,5,837.73,Kandy,2025-01-25 00:00:00.000000000
O0069,C217,Smart Watch,Electronics,10,75300.23,Jaffna ,2025-01-25 18:38:33.513513513
O0070,C252,Monitor,Electronics,4,161791.46,Colombo,2025-01-26 03:23:14.594594594
O0071,C188,Smart Watch,Electronics,4,243561.51,Jaffna,2025-01-26 12:07:55.675675675
O0072,C041,Smart Watch,Electronics,4,211841.68,Colombo,2025-01-26 20:52:36.756756756
O0073,C157,Monitor,Electronics,10,6386.94,colombo,2025-01-27 05:37:17.837837838
O0074,C015,Headphones,Electronics,8,224690.87,Negombo,2025-01-27 14:21:58.918918919
O0075,C065,Smart Watch,Electronics,6,195908.0,Kandy,2025-01-27 23:06:40.000000000
O0076,C009,Keyboard,Electronics,3,195203.84,Galle,2025-01-28 07:51:21.081081081
O0077,C129,Keyboard,Accessories,10,114769.94,Galle,2025-01-28 16:36:02.162162162
O0078,C136,Mouse,Electronics,5,99802.32,Colombo,2025-01-29 01:20:43.243243243
O0079,C063,Monitor,Accessories,6,76077.47,galle,2025-01-29 10:05:24.324324324
O0080,C139,Mouse,Electronics,5,,Colombo,2025-01-29 18:50:05.405405405
O0081,C081,Monitor,Electronics,6,57444.72,Galle,2025-01-30 03:34:46.486486486
O0082,C163,Tablet,Electronics,8,62027.61,galle,2025-01-30 12:19:27.567567567
O0083,C289,Tablet,Accessories,7,121277.23,Galle,2025-01-30 21:04:08.648648648
O0084,C261,Smart Watch,Accessories,5,186987.38,galle,2025-01-31 05:48:49.729729730
O0085,C231,Phone,Electronics,10,118715.55,Colombo,2025-01-31 14:33:30.810810811
O0086,C041,Tablet,Electronics,6,14932.19,KANDY,2025-01-31 23:18:11.891891892
O0087,C028,Phone,Accessories,4,239468.56,Galle,2025-02-01 08:02:52.972972973
O0088,C135,Tablet,Electronics,9,235709.72,colombo,2025-02-01 16:47:34.054054054
O0089,C201,Laptop,Electronics,4,196404.79,Kandy,2025-02-02 01:32:15.135135135
O0090,C268,Tablet,Electronics,1,247836.31,galle,2025-02-02 10:16:56.216216216
O0091,C033,Mouse,Electronics,7,,Kandy,2025-02-02 19:01:37.297297297
O0092,C048,Headphones,Accessories,7,240710.7,Jaffna ,2025-02-03 03:46:18.378378378
O0093,C062,Smart Watch,Accessories,4,19363.46,Jaffna ,2025-02-03 12:30:59.459459459
O0094,C216,Mouse,Electronics,3,91737.35,Colombo,2025-02-03 21:15:40.540540540
O0095,C293,Headphones,Electronics,8,56732.63,galle,2025-02-04 06:00:21.621621621
O0096,C099,Keyboard,Accessories,5,49360.35,Jaffna,2025-02-04 14:45:02.702702703
O0097,C172,Mouse,Electronics,10,35630.34,Jaffna ,2025-02-04 23:29:43.783783784
O0098,C214,Keyboard,Accessories,7,155792.2,Colombo,2025-02-05 08:14:24.864864865
O0099,C035,Phone,Accessories,4,195439.8,Jaffna ,2025-02-05 16:59:05.945945946
O0100,C227,Phone,Accessories,4,144785.45,Jaffna ,2025-02-06 01:43:47.027027027
O0101,C101,Laptop,Electronics,8,37167.2,Jaffna,2025-02-06 10:28:28.108108108
O0102,C131,Tablet,Electronics,8,202875.38,Galle,2025-02-06 19:13:09.189189189
O0103,C257,Mouse,Electronics,2,159170.7,Colombo,2025-02-07 03:57:50.270270270
O0104,C005,Keyboard,Accessories,-1,97347.34,KANDY,2025-02-07 12:42:31.351351351
O0105,C218,Headphones,Electronics,3,168695.51,Jaffna ,2025-02-07 21:27:12.432432432
O0106,C255,Phone,Accessories,3,65346.29,Jaffna ,2025-02-08 06:11:53.513513513
O0107,C283,Tablet,Electronics,1,86625.46,colombo,2025-02-08 14:56:34.594594594
O0108,C207,Phone,Electronics,3,229412.72,KANDY,2025-02-08 23:41:15.675675676
O0109,C015,Headphones,Electronics,6,72980.87,Jaffna,2025-02-09 08:25:56.756756757
O0110,C042,Tablet,Accessories,8,117762.07,Kandy,2025-02-09 17:10:37.837837838
O0111,C179,Tablet,Electronics,10,222590.21,galle,2025-02-10 01:55:18.918918919
O0112,C063,Keyboard,Accessories,6,177076.48,Jaffna ,2025-02-10 10:40:00.000000000
O0113,C231,Keyboard,Accessories,5,16019.7,Colombo,2025-02-10 19:24:41.081081081
O0114,C241,Mouse,Electronics,4,37252.11,galle,2025-02-11 04:09:22.162162162
O0115,C052,Mouse,Electronics,3,2456.48,KANDY,2025-02-11 12:54:03.243243243
O0116,C096,Monitor,Electronics,4,157914.99,galle,2025-02-11 21:38:44.324324324
O0117,C222,Smart Watch,Electronics,7,112194.52,Galle,2025-02-12 06:23:25.405405405
O0118,C231,Monitor,Electronics,1,34001.58,Jaffna ,2025-02-12 15:08:06.486486486
O0119,C237,Laptop,Accessories,7,239504.56,galle,2025-02-12 23:52:47.567567567
O0120,C143,Phone,Accessories,1,132650.1,Kandy,2025-02-13 08:37:28.648648649
O0121,C171,Mouse,Electronics,2,60852.38,Kandy,2025-02-13 17:22:09.729729730
O0122,C029,Keyboard,Accessories,4,125400.59,Jaffna ,2025-02-14 02:06:50.810810811
O0123,C036,Headphones,Electronics,1,170065.27,Negombo,2025-02-14 10:51:31.891891892
O0124,C013,Keyboard,Electronics,9,19521.68,Kandy,2025-02-14 19:36:12.972972973
O0125,C160,Phone,Electronics,6,69038.6,galle,2025-02-15 04:20:54.054054054
O0126,C187,Monitor,Electronics,1,201837.89,Colombo,2025-02-15 13:05:35.135135135
O0127,C243,Keyboard,Accessories,1,115186.39,Kandy,2025-02-15 21:50:16.216216216
O0128,C086,Smart Watch,Accessories,6,136871.0,KANDY,2025-02-16 06:34:57.297297297
O0129,C284,Laptop,Electronics,4,108487.59,Negombo,2025-02-16 15:19:38.378378378
O0130,C066,Phone,Accessories,4,11453.04,galle,2025-02-17 00:04:19.459459459
O0131,C170,Monitor,Electronics,6,41854.57,Jaffna,2025-02-17 08:49:00.540540540
O0132,C045,Smart Watch,Electronics,7,111662.64,colombo,2025-02-17 17:33:41.621621621
O0133,C062,Headphones,Electronics,9,52691.77,Jaffna,2025-02-18 02:18:22.702702703
O0134,C134,Monitor,Electronics,10,12969.77,Galle,2025-02-18 11:03:03.783783784
O0135,C284,Tablet,Accessories,5,210990.59,colombo,2025-02-18 19:47:44.864864865
O0136,C028,Smart Watch,Electronics,9,245307.54,Galle,2025-02-19 04:32:25.945945946
O0137,C108,Smart Watch,Accessories,4,198389.15,colombo,2025-02-19 13:17:07.027027027
O0138,C044,Laptop,Accessories,10,213519.34,colombo,2025-02-19 22:01:48.108108108
O0139,C286,Phone,Electronics,2,60873.29,Colombo,2025-02-20 06:46:29.189189189
O0140,C128,Headphones,Electronics,3,240176.43,Colombo,2025-02-20 15:31:10.270270270
O0141,C231,Laptop,Electronics,1,49632.96,KANDY,2025-02-21 00:15:51.351351351
O0142,C190,Monitor,Electronics,6,,Jaffna,2025-02-21 00:00:00.000000000
O0143,C225,Laptop,Electronics,6,248707.41,Kandy,2025-02-21 17:45:13.513513513
O0144,C283,Smart Watch,Electronics,1,178074.84,galle,2025-02-22 02:29:54.594594594
O0145,C121,Phone,Electronics,3,245295.36,Negombo,2025-02-22 11:14:35.675675676
O0146,C116,Mouse,Electronics,5,142600.18,KANDY,2025-02-22 19:59:16.756756757
O0147,C233,Laptop,Accessories,3,65255.67,Galle,2025-02-23 04:43:57.837837838
O0148,C259,Tablet,Electronics,10,109530.47,Colombo,2025-02-23 00:00:00.000000000
O0149,C198,Laptop,Electronics,3,148593.45,Galle,2025-02-23 22:13:20.000000000
O0150,C137,Monitor,Electronics,10,18733.85,Colombo,2025-02-24 06:58:01.081081081
O0151,C165,Monitor,Electronics,3,155774.64,Negombo,2025-02-24 15:42:42.162162162
O0152,C225,Headphones,Electronics,5,245303.87,Colombo,2025-02-25 00:27:23.243243243
O0153,C234,Monitor,Electronics,5,47931.86,Galle,2025-02-25 09:12:04.324324324
O0154,C172,Keyboard,Electronics,4,198252.48,Colombo,2025-02-25 17:56:45.405405406
O0155,C152,Phone,Electronics,1,227020.75,galle,2025-02-26 02:41:26.486486487
O0156,C160,Phone,Accessories,5,235953.55,galle,2025-02-26 11:26:07.567567568
O0157,C096,Mouse,Electronics,10,240053.83,Galle,2025-02-26 20:10:48.648648649
O0158,C233,Mouse,Accessories,5,130604.18,KANDY,2025-02-27 04:55:29.729729730
O0159,C180,Phone,Electronics,4,244338.32,Negombo,2025-02-27 13:40:10.810810811
O0160,C113,Tablet,Electronics,6,189448.9,Jaffna ,2025-02-27 22:24:51.891891892
O0161,C052,Mouse,Electronics,10,40837.02,KANDY,2025-02-28 07:09:32.972972973
O0162,C268,Headphones,Accessories,4,119486.58,galle,2025-02-28 15:54:14.054054054
O0163,C295,Monitor,Accessories,7,,Negombo,2025-03-01 00:38:55.135135135
O0164,C113,Phone,Electronics,7,62211.41,Colombo,2025-03-01 09:23:36.216216216
O0165,C101,Smart Watch,Electronics,2,160333.49,Colombo,2025-03-01 18:08:17.297297297
O0166,C113,Mouse,Electronics,3,166816.82,colombo,2025-03-02 02:52:58.378378379
O0167,C081,Phone,Accessories,1,41093.59,Galle,2025-03-02 11:37:39.459459460
O0168,C187,Keyboard,Electronics,8,141488.79,Jaffna,2025-03-02 20:22:20.540540541
O0169,C113,Laptop,Electronics,9,193020.91,Negombo,2025-03-03 05:07:01.621621622
O0170,C002,Monitor,Electronics,4,124974.47,Kandy,2025-03-03 13:51:42.702702703
O0171,C130,Phone,Accessories,6,3519.73,Colombo,2025-03-03 22:36:23.783783784
O0172,C220,Laptop,Electronics,9,2755.1,Jaffna ,2025-03-04 07:21:04.864864865
O0173,C054,Mouse,Electronics,6,89578.82,colombo,2025-03-04 16:05:45.945945946
O0174,C224,Laptop,Electronics,9,231585.42,Kandy,2025-03-05 00:50:27.027027027
O0175,C225,Monitor,Accessories,4,57554.86,Jaffna ,2025-03-05 09:35:08.108108108
O0176,C126,Phone,Electronics,8,158773.74,Jaffna,2025-03-05 18:19:49.189189189
O0177,C130,Keyboard,Electronics,9,55907.93,galle,2025-03-06 03:04:30.270270270
O0178,C053,Tablet,Accessories,4,80756.66,KANDY,2025-06-03 00:00:00.000000000
O0179,C172,Mouse,Electronics,5,212086.5,Galle,2025-03-06 20:33:52.432432433
O0180,C218,Phone,Electronics,8,182350.93,Colombo,2025-03-07 05:18:33.513513514
O0181,C160,Monitor,Electronics,10,24302.12,Jaffna ,2025-03-07 14:03:14.594594595
O0182,C198,Mouse,Electronics,6,107461.15,colombo,2025-03-07 22:47:55.675675676
O0183,C247,Headphones,Electronics,7,7777.86,Negombo,2025-03-08 07:32:36.756756757
O0184,C203,Laptop,Electronics,3,120482.09,galle,2025-08-03 00:00:00.000000000
O0185,C184,Tablet,Electronics,7,165777.29,Negombo,2025-03-09 01:01:58.918918919
O0186,C123,Monitor,Electronics,8,30066.4,colombo,2025-03-09 09:46:40.000000000
O0187,C255,Headphones,Electronics,10,72576.79,Negombo,2025-03-09 18:31:21.081081081
O0188,C294,Smart Watch,Electronics,6,99760.24,Jaffna ,2025-03-10 03:16:02.162162162
O0189,C280,Phone,Electronics,10,229922.99,Colombo,2025-03-10 12:00:43.243243243
O0190,C098,Keyboard,Electronics,9,248317.13,Negombo,2025-03-10 20:45:24.324324325
O0191,C198,Mouse,Electronics,6,11705.37,KANDY,2025-03-11 05:30:05.405405406
O0192,C240,Laptop,Electronics,9,190371.48,Jaffna,2025-03-11 14:14:46.486486487
O0193,C144,Mouse,Electronics,4,93245.15,Colombo,2025-11-03 00:00:00.000000000
O0194,C097,Tablet,Electronics,8,98418.32,Jaffna ,2025-03-12 07:44:08.648648649
O0195,C201,Phone,Electronics,4,188689.11,Kandy,2025-03-12 16:28:49.729729730
O0196,C124,Mouse,Electronics,2,229647.39,colombo,2025-03-13 01:13:30.810810811
O0197,C187,Laptop,Electronics,10,237756.68,galle,2025-03-13 09:58:11.891891892
O0198,C259,Phone,Accessories,9,144492.09,Jaffna ,2025-03-13 18:42:52.972972973
O0199,C148,Mouse,Electronics,5,89601.73,Colombo,2025-03-14 03:27:34.054054054
O0200,C252,Keyboard,Electronics,4,196993.5,galle,2025-03-14 12:12:15.135135135
O0201,C147,Monitor,Electronics,2,63124.85,KANDY,2025-03-14 20:56:56.216216216
O0202,C148,Phone,Electronics,1,141236.47,colombo,2025-03-15 05:41:37.297297297
O0203,C199,Monitor,Accessories,7,89965.33,galle,2025-03-15 14:26:18.378378379
O0204,C128,Smart Watch,Electronics,6,164329.45,Negombo,2025-03-15 23:10:59.459459460
O0205,C039,Phone,Electronics,2,60479.53,Jaffna ,2025-03-16 07:55:40.540540541
O0206,C129,Keyboard,Electronics,8,48302.44,Jaffna,2025-03-16 16:40:21.621621622
O0207,C267,Monitor,Electronics,4,229600.65,colombo,2025-03-17 01:25:02.702702703
O0208,C151,Headphones,Electronics,8,25900.02,Galle,2025-03-17 10:09:43.783783784
O0209,C298,Laptop,Electronics,7,126736.5,KANDY,2025-03-17 18:54:24.864864865
O0210,C099,Headphones,Accessories,5,55602.77,Colombo,2025-03-18 03:39:05.945945946
O0211,C263,Mouse,Electronics,10,10213.03,colombo,2025-03-18 12:23:47.027027027
O0212,C252,Keyboard,Accessories,10,9486.7,Colombo,2025-03-18 21:08:28.108108108
O0213,C144,Headphones,Electronics,8,44217.83,Jaffna ,2025-03-19 05:53:09.189189189
O0214,C112,Phone,Electronics,9,216759.2,Negombo,2025-03-19 14:37:50.270270270
O0215,C060,Mouse,Electronics,5,70978.45,Colombo,2025-03-19 23:22:31.351351352
O0216,C002,Mouse,Accessories,10,237639.56,Colombo,2025-03-20 08:07:12.432432433
O0217,C254,Headphones,Electronics,5,145614.76,KANDY,2025-03-20 16:51:53.513513514
O0218,C140,Smart Watch,Electronics,2,109435.24,galle,2025-03-21 01:36:34.594594595
O0219,C037,Headphones,Electronics,5,145232.16,Colombo,2025-03-21 10:21:15.675675676
O0220,C160,Smart Watch,Electronics,3,,galle,2025-03-21 19:05:56.756756757
O0221,C009,Keyboard,Electronics,7,189814.68,Negombo,2025-03-22 03:50:37.837837838
O0222,C233,Laptop,Electronics,10,70982.77,Colombo,2025-03-22 12:35:18.918918919
O0223,C099,Headphones,Electronics,5,88586.07,Colombo,2025-03-22 21:20:00.000000000
O0224,C147,Tablet,Electronics,8,223576.53,Colombo,2025-03-23 06:04:41.081081081
O0225,C208,Smart Watch,Electronics,1,236640.9,Kandy,2025-03-23 14:49:22.162162162
O0226,C131,Headphones,Electronics,3,223193.28,Jaffna ,2025-03-23 23:34:03.243243243
O0227,C152,Monitor,Accessories,3,,Colombo,2025-03-24 08:18:44.324324325
O0228,C054,Phone,Electronics,-1,195201.19,Colombo,2025-03-24 17:03:25.405405406
O0229,C120,Tablet,Accessories,5,119345.77,Colombo,2025-03-25 01:48:06.486486487
O0230,C161,Tablet,Accessories,9,124636.19,galle,2025-03-25 10:32:47.567567568
O0231,C116,Smart Watch,Electronics,9,51567.69,Colombo,2025-03-25 19:17:28.648648649
O0232,C075,Monitor,Electronics,1,147987.01,Colombo,2025-03-26 04:02:09.729729730
O0233,C113,Monitor,Electronics,2,46940.91,Colombo,2025-03-26 12:46:50.810810811
O0234,C104,Mouse,Accessories,5,83225.39,Colombo,2025-03-26 21:31:31.891891892
O0235,C254,Smart Watch,Electronics,4,213830.04,Kandy,2025-03-27 06:16:12.972972973
O0236,C227,Laptop,Accessories,10,52165.41,Jaffna ,2025-03-27 15:00:54.054054054
O0237,C112,Phone,Electronics,9,18253.99,Colombo,2025-03-27 23:45:35.135135135
O0238,C099,Keyboard,Electronics,7,17717.39,Colombo,2025-03-28 00:00:00.000000000
O0239,C153,Tablet,Accessories,6,235225.74,Negombo,2025-03-28 17:14:57.297297298
O0240,C194,Keyboard,Electronics,7,126976.65,Jaffna ,2025-03-29 01:59:38.378378379
O0241,C163,Headphones,Electronics,1,102648.31,Kandy,2025-03-29 00:00:00.000000000
O0242,C208,Headphones,Electronics,1,202814.21,Colombo,2025-03-29 19:29:00.540540541
O0243,C169,Keyboard,Electronics,8,209038.57,Negombo,2025-03-30 04:13:41.621621622
O0244,C161,Headphones,Electronics,2,83381.66,Colombo,2025-03-30 12:58:22.702702703
O0245,C068,Laptop,Accessories,10,173557.71,galle,2025-03-30 21:43:03.783783784
O0246,C289,Monitor,Electronics,9,192895.14,Colombo,2025-03-31 06:27:44.864864865
O0247,C277,Headphones,Electronics,7,163835.35,colombo,2025-03-31 15:12:25.945945946
O0248,C135,Mouse,Electronics,6,38322.97,KANDY,2025-03-31 23:57:07.027027027
O0249,C195,Headphones,Accessories,1,219032.83,Jaffna,2025-04-01 08:41:48.108108108
O0250,C128,Phone,Electronics,1,,galle,2025-04-01 17:26:29.189189189
O0251,C033,Laptop,Electronics,2,70976.87,Negombo,2025-04-02 02:11:10.270270271
O0252,C176,Phone,Electronics,6,106594.43,galle,2025-04-02 10:55:51.351351352
O0253,C022,Phone,Electronics,6,9873.99,Galle,2025-04-02 19:40:32.432432433
O0254,C238,Mouse,Electronics,2,32402.77,Colombo,2025-04-03 04:25:13.513513514
O0255,C158,Laptop,Electronics,1,191503.91,Colombo,2025-04-03 13:09:54.594594595
O0256,C038,Laptop,Electronics,10,502.9,Jaffna,2025-04-03 21:54:35.675675676
O0257,C230,Smart Watch,Accessories,5,104433.17,Jaffna,2025-04-04 06:39:16.756756757
O0258,C051,Laptop,Electronics,5,,Galle,2025-04-04 15:23:57.837837838
O0259,C264,Laptop,Electronics,2,14131.29,Colombo,2025-04-05 00:08:38.918918919
O0260,C283,Laptop,Accessories,6,243283.0,KANDY,2025-04-05 08:53:20.000000000
O0261,C027,Mouse,Electronics,9,56918.27,colombo,2025-04-05 17:38:01.081081081
O0262,C226,Headphones,Electronics,2,,colombo,2025-04-06 02:22:42.162162162
O0263,C277,Smart Watch,Electronics,10,76333.66,Kandy,2025-04-06 11:07:23.243243243
O0264,C286,Phone,Accessories,2,57988.96,Kandy,2025-04-06 19:52:04.324324325
O0265,C097,Laptop,Electronics,3,867.72,Colombo,2025-04-07 04:36:45.405405406
O0266,C284,Tablet,Accessories,7,182471.53,Kandy,2025-04-07 13:21:26.486486487
O0267,C147,Headphones,Accessories,6,241727.95,Kandy,2025-04-07 22:06:07.567567568
O0268,C004,Headphones,Electronics,8,56461.22,Galle,2025-04-08 06:50:48.648648649
O0269,C035,Phone,Electronics,8,165930.27,Galle,2025-04-08 15:35:29.729729730
O0270,C192,Mouse,Electronics,6,185603.13,Kandy,2025-04-09 00:20:10.810810811
O0271,C049,Keyboard,Electronics,10,212182.13,galle,2025-04-09 09:04:51.891891892
O0272,C017,Keyboard,Electronics,3,105945.98,Jaffna ,2025-04-09 17:49:32.972972973
O0273,C172,Headphones,Electronics,3,76081.26,Jaffna ,2025-04-10 02:34:14.054054054
O0274,C220,Monitor,Accessories,1,81661.14,Colombo,2025-04-10 11:18:55.135135135
O0275,C158,Monitor,Electronics,7,178299.02,colombo,2025-04-10 20:03:36.216216216
O0276,C046,Phone,Electronics,5,204286.48,Jaffna,2025-04-11 04:48:17.297297298
O0277,C006,Keyboard,Electronics,4,45812.68,Colombo,2025-04-11 13:32:58.378378379
O0278,C099,Headphones,Electronics,10,93049.78,Kandy,2025-04-11 22:17:39.459459460
O0279,C233,Mouse,Electronics,4,225534.08,Galle,2025-04-12 07:02:20.540540541
O0280,C037,Keyboard,Electronics,4,201770.03,Colombo,2025-04-12 15:47:01.621621622
O0281,C280,Headphones,Electronics,6,246222.17,galle,2025-04-13 00:31:42.702702703
O0282,C181,Headphones,Electronics,8,188684.94,Negombo,2025-04-13 09:16:23.783783784
O0283,C095,Laptop,Electronics,8,98602.2,Galle,2025-04-13 18:01:04.864864865
O0284,C099,Mouse,Electronics,5,147864.14,Jaffna ,2025-04-14 02:45:45.945945946
O0285,C188,Laptop,Electronics,6,165423.06,Galle,2025-04-14 11:30:27.027027027
O0286,C116,Phone,Electronics,4,20074.73,galle,2025-04-14 20:15:08.108108108
O0287,C191,Laptop,Accessories,9,136351.99,Jaffna,2025-04-15 04:59:49.189189189
O0288,C253,Tablet,Electronics,8,177475.55,Kandy,2025-04-15 13:44:30.270270270
O0289,C161,Laptop,Electronics,10,,Colombo,2025-04-15 22:29:11.351351352
O0290,C256,Tablet,Electronics,10,195267.61,Jaffna ,2025-04-16 07:13:52.432432432
O0291,C128,Keyboard,Electronics,1,146151.31,Jaffna ,2025-04-16 15:58:33.513513514
O0292,C018,Monitor,Electronics,2,238079.34,KANDY,2025-04-17 00:43:14.594594594
O0293,C281,Smart Watch,Accessories,9,11084.36,colombo,2025-04-17 09:27:55.675675676
O0294,C223,Smart Watch,Accessories,8,66698.87,Jaffna,2025-04-17 18:12:36.756756758
O0295,C054,Headphones,Accessories,3,150587.69,Jaffna ,2025-04-18 02:57:17.837837838
O0296,C058,Smart Watch,Electronics,8,74491.7,colombo,2025-04-18 11:41:58.918918920
O0297,C174,Tablet,Electronics,1,178748.83,Jaffna ,2025-04-18 20:26:40.000000000
O0298,C280,Mouse,Accessories,10,189871.82,Kandy,2025-04-19 05:11:21.081081082
O0299,C114,Laptop,Accessories,4,,colombo,2025-04-19 13:56:02.162162162
O0300,C288,Tablet,Electronics,3,128706.69,galle,2025-04-19 22:40:43.243243244
O0301,C151,Mouse,Electronics,6,127468.19,KANDY,2025-04-20 07:25:24.324324324
O0302,C127,Monitor,Accessories,7,92635.55,Kandy,2025-04-20 16:10:05.405405406
O0303,C155,Smart Watch,Electronics,4,233264.75,galle,2025-04-21 00:54:46.486486486
O0304,C273,Monitor,Accessories,7,206962.83,Colombo,2025-04-21 09:39:27.567567568
O0305,C104,Smart Watch,Accessories,9,174453.74,Jaffna,2025-04-21 18:24:08.648648648
O0306,C299,Laptop,Electronics,2,178724.5,Jaffna,2025-04-22 03:08:49.729729730
O0307,C246,Phone,Electronics,3,115698.18,Negombo,2025-04-22 11:53:30.810810812
O0308,C176,Laptop,Electronics,5,230288.13,Negombo,2025-04-22 20:38:11.891891892
O0309,C039,Keyboard,Electronics,3,173801.56,colombo,2025-04-23 05:22:52.972972974
O0310,C170,Tablet,Electronics,8,182380.77,Jaffna,2025-04-23 14:07:34.054054054
O0311,C247,Headphones,Electronics,10,215491.88,colombo,2025-04-23 22:52:15.135135136
O0312,C026,Phone,Electronics,8,68880.86,Negombo,2025-04-24 07:36:56.216216216
O0313,C013,Laptop,Accessories,8,201864.19,Colombo,2025-04-24 16:21:37.297297298
O0314,C036,Mouse,Electronics,9,49212.53,Jaffna ,2025-04-25 01:06:18.378378378
O0315,C173,Phone,Electronics,4,86662.82,galle,2025-04-25 09:50:59.459459460
O0316,C020,Tablet,Accessories,5,84234.81,Galle,2025-04-25 18:35:40.540540540
O0317,C264,Smart Watch,Accessories,5,244642.1,colombo,2025-04-26 03:20:21.621621622
O0318,C142,Phone,Electronics,8,214206.04,Colombo,2025-04-26 00:00:00.000000000
O0319,C143,Smart Watch,Electronics,7,175441.88,galle,2025-04-26 20:49:43.783783784
O0320,C092,Tablet,Electronics,9,181900.66,Jaffna,2025-04-27 05:34:24.864864866
O0321,C288,Laptop,Electronics,8,140737.16,Jaffna ,2025-04-27 14:19:05.945945946
O0322,C215,Tablet,Electronics,2,,galle,2025-04-27 23:03:47.027027028
O0323,C051,Phone,Accessories,10,124316.56,KANDY,2025-04-28 07:48:28.108108108
O0324,C153,Mouse,Accessories,4,95439.17,Negombo,2025-04-28 16:33:09.189189190
O0325,C186,Monitor,Electronics,6,41177.32,galle,2025-04-29 01:17:50.270270270
O0326,C063,Phone,Electronics,2,196658.31,Galle,2025-04-29 10:02:31.351351352
O0327,C190,Tablet,Accessories,7,183743.76,Colombo,2025-04-29 18:47:12.432432432
O0328,C125,Monitor,Electronics,3,96396.58,Jaffna ,2025-04-30 03:31:53.513513514
O0329,C150,Tablet,Electronics,3,6785.76,Kandy,2025-04-30 12:16:34.594594594
O0330,C058,Mouse,Electronics,2,209829.83,galle,2025-04-30 21:01:15.675675676
O0331,C180,Tablet,Accessories,8,3348.79,Colombo,2025-05-01 05:45:56.756756758
O0332,C170,Laptop,Accessories,6,176073.1,Galle,2025-05-01 14:30:37.837837838
O0333,C271,Headphones,Accessories,1,242579.15,Galle,2025-05-01 23:15:18.918918920
O0334,C054,Smart Watch,Electronics,1,109696.5,Colombo,2025-05-02 08:00:00.000000000
O0335,C101,Smart Watch,Electronics,7,59125.86,KANDY,2025-05-02 16:44:41.081081082
O0336,C264,Phone,Electronics,8,176365.32,Kandy,2025-05-03 01:29:22.162162162
O0337,C053,Headphones,Electronics,5,204373.47,Negombo,2025-05-03 10:14:03.243243244
O0338,C060,Tablet,Accessories,5,136834.36,Colombo,2025-05-03 18:58:44.324324324
O0339,C108,Mouse,Accessories,4,241775.3,Jaffna ,2025-05-04 03:43:25.405405406
O0340,C005,Phone,Electronics,6,13391.35,Colombo,2025-04-05 00:00:00.000000000
O0341,C103,Tablet,Accessories,6,126446.5,Kandy,2025-05-04 21:12:47.567567568
O0342,C196,Monitor,Accessories,3,179754.26,Colombo,2025-05-05 05:57:28.648648648
O0343,C262,Keyboard,Electronics,9,215728.8,Colombo,2025-05-05 14:42:09.729729730
O0344,C047,Tablet,Electronics,7,45224.28,Galle,2025-05-05 23:26:50.810810812
O0345,C144,Headphones,Accessories,1,200100.87,Colombo,2025-05-06 08:11:31.891891892
O0346,C269,Phone,Electronics,7,138400.42,colombo,2025-05-06 16:56:12.972972974
O0347,C124,Headphones,Accessories,5,99440.14,galle,2025-05-07 01:40:54.054054054
O0348,C106,Phone,Electronics,5,33362.9,Kandy,2025-05-07 10:25:35.135135136
O0349,C158,Tablet,Electronics,2,216391.29,KANDY,2025-05-07 19:10:16.216216216
O0350,C147,Laptop,Electronics,4,39739.67,colombo,2025-05-08 03:54:57.297297298
O0351,C145,Monitor,Electronics,6,77792.07,Colombo,2025-05-08 12:39:38.378378378
O0352,C120,Tablet,Accessories,10,72866.36,Jaffna,2025-08-05 00:00:00.000000000
O0353,C275,Smart Watch,Electronics,7,217917.8,Colombo,2025-05-09 06:09:00.540540540
O0354,C092,Headphones,Electronics,5,168339.4,KANDY,2025-05-09 14:53:41.621621622
O0355,C058,Keyboard,Electronics,9,199272.01,KANDY,2025-05-09 23:38:22.702702704
O0356,C229,Keyboard,Electronics,3,,colombo,2025-05-10 08:23:03.783783784
O0357,C117,Mouse,Accessories,1,156406.09,galle,2025-05-10 17:07:44.864864866
O0358,C279,Phone,Accessories,4,,Kandy,2025-05-11 01:52:25.945945946
O0359,C127,Headphones,Electronics,9,208291.18,Negombo,2025-05-11 10:37:07.027027028
O0360,C129,Mouse,Electronics,4,226568.72,Galle,2025-05-11 19:21:48.108108108
O0361,C058,Headphones,Electronics,2,3533.11,colombo,2025-05-12 04:06:29.189189190
O0362,C122,Smart Watch,Electronics,10,,KANDY,2025-05-12 12:51:10.270270270
O0363,C001,Phone,Electronics,5,13433.03,Jaffna,2025-05-12 21:35:51.351351352
O0364,C239,Tablet,Electronics,3,137440.24,Jaffna ,2025-05-13 06:20:32.432432432
O0365,C290,Tablet,Accessories,9,72264.37,KANDY,2025-05-13 15:05:13.513513514
O0366,C096,Keyboard,Electronics,4,77040.76,galle,2025-05-13 23:49:54.594594594
O0367,C126,Tablet,Electronics,6,88563.15,galle,2025-05-14 08:34:35.675675676
O0368,C118,Tablet,Accessories,2,155512.47,KANDY,2025-05-14 17:19:16.756756758
O0369,C048,Smart Watch,Electronics,6,83845.47,galle,2025-05-15 02:03:57.837837838
O0370,C089,Laptop,Electronics,3,183308.41,colombo,2025-05-15 10:48:38.918918920
O0371,C237,Keyboard,Electronics,9,101429.58,KANDY,2025-05-15 19:33:20.000000000
O0372,C272,Mouse,Electronics,2,17554.12,KANDY,2025-05-16 04:18:01.081081082
O0373,C189,Monitor,Electronics,9,196048.08,Kandy,2025-05-16 13:02:42.162162162
O0374,C192,Laptop,Electronics,5,71796.7,Galle,2025-05-16 21:47:23.243243244
O0375,C069,Mouse,Accessories,8,108475.34,Jaffna,2025-05-17 06:32:04.324324324
O0376,C278,Phone,Electronics,2,171518.25,galle,2025-05-17 15:16:45.405405406
O0377,C247,Laptop,Electronics,6,83447.81,Kandy,2025-05-18 00:01:26.486486486
O0378,C076,Smart Watch,Accessories,3,14618.12,Negombo,2025-05-18 08:46:07.567567568
O0379,C154,Mouse,Accessories,10,93793.3,Negombo,2025-05-18 17:30:48.648648650
O0380,C144,Phone,Accessories,5,236139.92,Colombo,2025-05-19 02:15:29.729729730
O0381,C086,Keyboard,Electronics,8,160612.73,colombo,2025-05-19 11:00:10.810810812
O0382,C185,Monitor,Electronics,10,168034.05,colombo,2025-05-19 19:44:51.891891892
O0383,C285,Phone,Electronics,1,158254.4,Colombo,2025-05-20 04:29:32.972972974
O0384,C220,Tablet,Electronics,5,50148.54,Jaffna,2025-05-20 13:14:14.054054054
O0385,C069,Headphones,Accessories,3,104874.3,KANDY,2025-05-20 21:58:55.135135136
O0386,C047,Phone,Electronics,4,187859.48,galle,2025-05-21 06:43:36.216216216
O0387,C094,Phone,Accessories,2,25792.54,Jaffna,2025-05-21 15:28:17.297297298
O0388,C238,Monitor,Electronics,9,69824.27,Colombo,2025-05-22 00:12:58.378378378
O0389,C204,Headphones,Electronics,3,69441.62,Colombo,2025-05-22 08:57:39.459459460
O0390,C218,Tablet,Electronics,2,108288.72,Kandy,2025-05-22 17:42:20.540540540
O0391,C039,Mouse,Accessories,10,245102.0,Jaffna,2025-05-23 02:27:01.621621622
O0392,C100,Mouse,Electronics,9,17341.89,Kandy,2025-05-23 00:00:00.000000000
O0393,C289,Phone,Electronics,7,129915.9,Negombo,2025-05-23 19:56:23.783783784
O0394,C254,Smart Watch,Electronics,6,45251.49,galle,2025-05-24 04:41:04.864864866
O0395,C222,Smart Watch,Accessories,1,242683.8,Colombo,2025-05-24 13:25:45.945945946
O0396,C023,Headphones,Electronics,5,28769.22,KANDY,2025-05-24 22:10:27.027027028
O0397,C250,Headphones,Accessories,3,101198.45,galle,2025-05-25 06:55:08.108108108
O0398,C010,Tablet,Electronics,1,184602.3,Galle,2025-05-25 15:39:49.189189190
O0399,C246,Monitor,Electronics,4,176286.33,colombo,2025-05-26 00:24:30.270270270
O0400,C100,Keyboard,Electronics,2,105970.79,Colombo,2025-05-26 09:09:11.351351352
O0401,C290,Mouse,Electronics,2,86957.78,Jaffna,2025-05-26 17:53:52.432432432
O0402,C180,Monitor,Electronics,3,99704.29,galle,2025-05-27 02:38:33.513513514
O0403,C223,Laptop,Electronics,8,66436.93,Jaffna ,2025-05-27 11:23:14.594594594
O0404,C250,Mouse,Electronics,8,51730.57,colombo,2025-05-27 20:07:55.675675676
O0405,C147,Monitor,Electronics,7,121018.4,colombo,2025-05-28 04:52:36.756756758
O0406,C096,Mouse,Accessories,6,,Jaffna ,2025-05-28 13:37:17.837837838
O0407,C257,Keyboard,Electronics,9,72221.69,Colombo,2025-05-28 22:21:58.918918920
O0408,C004,Laptop,Electronics,4,,Colombo,2025-05-29 07:06:40.000000000
O0409,C016,Smart Watch,Electronics,1,242150.06,Jaffna ,2025-05-29 15:51:21.081081082
O0410,C280,Smart Watch,Electronics,8,151107.48,Galle,2025-05-30 00:36:02.162162162
O0411,C247,Keyboard,Electronics,7,19706.38,Negombo,2025-05-30 09:20:43.243243244
O0412,C258,Tablet,Electronics,7,19358.11,Jaffna ,2025-05-30 18:05:24.324324324
O0413,C160,Laptop,Electronics,-5,237880.09,Negombo,2025-05-31 02:50:05.405405406
O0414,C152,Phone,Accessories,4,,galle,2025-05-31 11:34:46.486486486
O0415,C178,Monitor,Accessories,10,23470.71,Galle,2025-05-31 20:19:27.567567568
O0416,C163,Laptop,Electronics,9,149961.62,Colombo,2025-06-01 05:04:08.648648650
O0417,C033,Tablet,Electronics,6,156100.37,Negombo,2025-06-01 13:48:49.729729730
O0418,C179,Tablet,Electronics,5,162301.95,colombo,2025-06-01 22:33:30.810810812
O0419,C101,Keyboard,Accessories,3,67216.81,galle,2025-06-02 07:18:11.891891892
O0420,C268,Mouse,Accessories,9,4270.12,colombo,2025-06-02 16:02:52.972972974
O0421,C065,Laptop,Electronics,5,241271.33,Galle,2025-06-03 00:47:34.054054054
O0422,C168,Monitor,Electronics,5,63097.81,Negombo,2025-06-03 09:32:15.135135136
O0423,C043,Laptop,Electronics,4,169168.56,Kandy,2025-06-03 18:16:56.216216216
O0424,C044,Headphones,Electronics,4,176804.15,Galle,2025-06-04 03:01:37.297297298
O0425,C285,Mouse,Electronics,1,152696.85,Galle,2025-06-04 11:46:18.378378378
O0426,C012,Monitor,Accessories,7,78570.39,Kandy,2025-06-04 20:30:59.459459460
O0427,C095,Smart Watch,Electronics,9,68138.52,galle,2025-06-05 05:15:40.540540540
O0428,C253,Monitor,Electronics,3,149618.24,Negombo,2025-06-05 14:00:21.621621622
O0429,C242,Phone,Electronics,2,216590.86,Negombo,2025-06-05 22:45:02.702702704
O0430,C035,Keyboard,Electronics,3,236710.07,colombo,2025-06-06 07:29:43.783783784
O0431,C215,Phone,Accessories,1,26923.5,Galle,2025-06-06 16:14:24.864864866
O0432,C090,Monitor,Electronics,6,39129.74,Galle,2025-06-07 00:59:05.945945946
O0433,C264,Mouse,Electronics,7,236211.7,KANDY,2025-06-07 09:43:47.027027028
O0434,C093,Laptop,Electronics,2,184265.54,Colombo,2025-06-07 18:28:28.108108108
O0435,C090,Smart Watch,Accessories,8,220806.96,Galle,2025-06-08 03:13:09.189189190
O0436,C115,Laptop,Electronics,6,51056.84,Jaffna,2025-06-08 11:57:50.270270270
O0437,C105,Mouse,Electronics,4,147102.67,Colombo,2025-06-08 20:42:31.351351352
O0438,C196,Monitor,Electronics,5,175434.33,Jaffna,2025-06-09 05:27:12.432432432
O0439,C114,Tablet,Accessories,8,170187.92,Negombo,2025-06-09 14:11:53.513513514
O0440,C075,Laptop,Electronics,3,102333.85,Colombo,2025-06-09 22:56:34.594594596
O0441,C217,Tablet,Electronics,3,4341.03,Galle,2025-06-10 07:41:15.675675676
O0442,C277,Laptop,Electronics,4,145940.05,Kandy,2025-06-10 16:25:56.756756758
O0443,C249,Laptop,Accessories,1,63648.83,colombo,2025-06-11 01:10:37.837837838
O0444,C164,Smart Watch,Electronics,9,112838.43,Jaffna,2025-06-11 09:55:18.918918920
O0445,C192,Keyboard,Electronics,8,239416.46,Colombo,2025-06-11 18:40:00.000000000
O0446,C227,Keyboard,Accessories,8,100059.31,Galle,2025-06-12 03:24:41.081081082
O0447,C177,Headphones,Electronics,10,210030.5,Colombo,2025-06-12 12:09:22.162162162
O0448,C099,Phone,Electronics,6,47540.88,Galle,2025-06-12 20:54:03.243243244
O0449,C036,Mouse,Electronics,7,168278.89,Galle,2025-06-13 05:38:44.324324324
O0450,C096,Mouse,Electronics,6,,Galle,2025-06-13 14:23:25.405405406
O0451,C152,Mouse,Electronics,9,25922.33,KANDY,2025-06-13 23:08:06.486486486
O0452,C151,Headphones,Electronics,3,2575.83,colombo,2025-06-14 07:52:47.567567568
O0453,C190,Keyboard,Accessories,3,108678.91,Kandy,2025-06-14 16:37:28.648648650
O0454,C224,Monitor,Accessories,3,23610.06,Kandy,2025-06-15 01:22:09.729729730
O0455,C037,Tablet,Electronics,10,187221.9,Colombo,2025-06-15 10:06:50.810810812
O0456,C268,Smart Watch,Electronics,3,228679.89,Colombo,2025-06-15 18:51:31.891891892
O0457,C183,Tablet,Electronics,9,108788.23,Galle,2025-06-16 03:36:12.972972974
O0458,C013,Monitor,Electronics,4,65048.55,KANDY,2025-06-16 12:20:54.054054054
O0459,C279,Smart Watch,Electronics,7,108883.63,Galle,2025-06-16 21:05:35.135135136
O0460,C217,Headphones,Electronics,9,181000.23,KANDY,2025-06-17 05:50:16.216216216
O0461,C286,Monitor,Electronics,7,2759.01,Galle,2025-06-17 14:34:57.297297298
O0462,C273,Mouse,Accessories,9,147568.77,Jaffna,2025-06-17 23:19:38.378378378
O0463,C062,Phone,Electronics,3,153516.28,Jaffna,2025-06-18 08:04:19.459459460
O0464,C084,Laptop,Electronics,4,159603.22,Negombo,2025-06-18 16:49:00.540540540
O0465,C217,Tablet,Electronics,8,60884.51,Galle,2025-06-19 01:33:41.621621622
O0466,C187,Keyboard,Electronics,6,178656.15,colombo,2025-06-19 10:18:22.702702704
O0467,C019,Keyboard,Accessories,5,23302.18,Negombo,2025-06-19 19:03:03.783783784
O0468,C177,Headphones,Electronics,4,50217.95,Colombo,2025-06-20 03:47:44.864864866
O0469,C100,Smart Watch,Electronics,8,219428.78,galle,2025-06-20 12:32:25.945945946
O0470,C233,Keyboard,Electronics,-5,184811.43,Galle,2025-06-20 21:17:07.027027028
O0471,C076,Mouse,Electronics,9,3929.52,Jaffna,2025-06-21 06:01:48.108108108
O0472,C265,Tablet,Electronics,1,62469.88,galle,2025-06-21 14:46:29.189189190
O0473,C284,Monitor,Electronics,8,53994.42,KANDY,2025-06-21 23:31:10.270270270
O0474,C206,Mouse,Accessories,4,68066.18,galle,2025-06-22 08:15:51.351351352
O0475,C223,Headphones,Electronics,9,62266.16,colombo,2025-06-22 17:00:32.432432432
O0476,C052,Mouse,Electronics,5,16100.31,Galle,2025-06-23 01:45:13.513513514
O0477,C144,Monitor,Accessories,3,115005.66,Kandy,2025-06-23 10:29:54.594594596
O0478,C069,Phone,Electronics,9,183317.0,galle,2025-06-23 19:14:35.675675676
O0479,C099,Headphones,Electronics,9,151879.57,Kandy,2025-06-24 03:59:16.756756758
O0480,C025,Phone,Electronics,4,168381.48,KANDY,2025-06-24 12:43:57.837837838
O0481,C053,Laptop,Electronics,4,20746.72,Negombo,2025-06-24 21:28:38.918918920
O0482,C151,Phone,Electronics,8,237896.93,Kandy,2025-06-25 06:13:20.000000000
O0483,C144,Laptop,Accessories,2,209703.71,Negombo,2025-06-25 14:58:01.081081082
O0484,C057,Laptop,Electronics,9,201370.03,Jaffna,2025-06-25 23:42:42.162162162
O0485,C039,Phone,Accessories,6,205834.46,Galle,2025-06-26 08:27:23.243243244
O0486,C109,Headphones,Electronics,9,233211.27,galle,2025-06-26 17:12:04.324324324
O0487,C181,Smart Watch,Accessories,8,136291.36,Jaffna,2025-06-27 01:56:45.405405406
O0488,C042,Monitor,Electronics,7,50470.36,Jaffna,2025-06-27 10:41:26.486486486
O0489,C186,Mouse,Accessories,1,154387.51,Jaffna ,2025-06-27 19:26:07.567567568
O0490,C223,Mouse,Electronics,3,185848.93,Colombo,2025-06-28 04:10:48.648648650
O0491,C122,Monitor,Electronics,2,184610.39,colombo,2025-06-28 12:55:29.729729730
O0492,C133,Tablet,Electronics,5,130601.53,Negombo,2025-06-28 21:40:10.810810812
O0493,C163,Tablet,Electronics,5,17580.45,Jaffna ,2025-06-29 06:24:51.891891892
O0494,C215,Laptop,Electronics,5,93092.68,Colombo,2025-06-29 15:09:32.972972974
O0495,C221,Laptop,Electronics,4,230231.27,colombo,2025-06-29 23:54:14.054054054
O0496,C235,Headphones,Electronics,5,146320.0,Negombo,2025-06-30 08:38:55.135135136
O0497,C146,Keyboard,Electronics,3,134813.82,Galle,2025-06-30 17:23:36.216216216
O0498,C239,Phone,Accessories,1,67578.95,colombo,2025-07-01 02:08:17.297297298
O0499,C076,Laptop,Accessories,5,92428.01,galle,2025-07-01 10:52:58.378378378
O0500,C009,Mouse,Electronics,9,223888.85,Jaffna,2025-07-01 19:37:39.459459460
O0501,C074,Headphones,Accessories,9,166782.53,Colombo,2025-07-02 04:22:20.540540542
O0502,C253,Phone,Electronics,4,196953.06,Colombo,2025-07-02 13:07:01.621621622
O0503,C230,Headphones,Accessories,3,113859.18,Colombo,2025-07-02 21:51:42.702702704
O0504,C007,Phone,Accessories,1,157746.68,Negombo,2025-07-03 06:36:23.783783784
O0505,C174,Phone,Accessories,2,62471.71,galle,2025-07-03 15:21:04.864864866
O0506,C141,Monitor,Electronics,8,176512.48,colombo,2025-07-04 00:05:45.945945946
O0507,C168,Laptop,Electronics,1,107186.53,Jaffna,2025-07-04 08:50:27.027027028
O0508,C170,Smart Watch,Accessories,8,110915.11,galle,2025-07-04 17:35:08.108108108
O0509,C283,Headphones,Electronics,7,162505.92,Jaffna ,2025-07-05 02:19:49.189189190
O0510,C122,Smart Watch,Electronics,8,234102.02,Galle,2025-07-05 11:04:30.270270270
O0511,C194,Headphones,Electronics,6,16469.58,Kandy,2025-07-05 19:49:11.351351352
O0512,C005,Monitor,Electronics,9,206273.44,galle,2025-07-06 04:33:52.432432432
O0513,C029,Mouse,Electronics,3,73449.59,Jaffna ,2025-07-06 13:18:33.513513514
O0514,C165,Smart Watch,Electronics,10,111257.9,Jaffna,2025-07-06 22:03:14.594594596
O0515,C136,Mouse,Accessories,4,5967.38,Kandy,2025-07-07 06:47:55.675675676
O0516,C145,Tablet,Accessories,6,75611.0,Kandy,2025-07-07 15:32:36.756756758
O0517,C217,Laptop,Electronics,8,125906.5,galle,2025-07-08 00:17:17.837837838
O0518,C132,Laptop,Electronics,5,14515.93,Colombo,2025-07-08 09:01:58.918918920
O0519,C292,Keyboard,Electronics,3,123028.38,Colombo,2025-07-08 17:46:40.000000000
O0520,C070,Monitor,Electronics,6,231814.1,Jaffna,2025-07-09 02:31:21.081081082
O0521,C252,Mouse,Electronics,4,26795.61,Colombo,2025-07-09 11:16:02.162162162
O0522,C275,Phone,Electronics,9,191227.96,Jaffna,2025-07-09 20:00:43.243243244
O0523,C182,Headphones,Accessories,3,102712.93,Colombo,2025-07-10 04:45:24.324324324
O0524,C167,Laptop,Electronics,4,163965.84,Galle,2025-07-10 13:30:05.405405406
O0525,C091,Smart Watch,Electronics,7,65429.03,Colombo,2025-07-10 22:14:46.486486486
O0526,C202,Headphones,Electronics,7,40293.32,KANDY,2025-07-11 06:59:27.567567568
O0527,C019,Headphones,Electronics,4,40535.42,galle,2025-07-11 15:44:08.648648650
O0528,C039,Keyboard,Electronics,6,18087.74,galle,2025-07-12 00:28:49.729729730
O0529,C126,Mouse,Electronics,3,46818.85,Jaffna ,2025-07-12 09:13:30.810810812
O0530,C173,Laptop,Electronics,6,166222.74,Colombo,2025-07-12 17:58:11.891891892
O0531,C141,Headphones,Accessories,2,220481.81,Jaffna ,2025-07-13 02:42:52.972972974
O0532,C242,Laptop,Electronics,8,203624.36,KANDY,2025-07-13 11:27:34.054054054
O0533,C220,Phone,Electronics,2,171441.01,Colombo,2025-07-13 20:12:15.135135136
O0534,C126,Keyboard,Accessories,7,28052.75,galle,2025-07-14 04:56:56.216216216
O0535,C058,Phone,Electronics,9,72652.27,Negombo,2025-07-14 13:41:37.297297298
O0536,C148,Laptop,Accessories,1,77796.82,Colombo,2025-07-14 22:26:18.378378378
O0537,C001,Tablet,Accessories,8,62864.26,Colombo,2025-07-15 07:10:59.459459460
O0538,C190,Smart Watch,Accessories,7,128993.91,KANDY,2025-07-15 15:55:40.540540542
O0539,C191,Laptop,Accessories,6,134120.68,Galle,2025-07-16 00:40:21.621621622
O0540,C117,Mouse,Electronics,6,89543.05,Jaffna,2025-07-16 09:25:02.702702704
O0541,C134,Headphones,Electronics,6,88770.4,KANDY,2025-07-16 18:09:43.783783784
O0542,C058,Headphones,Electronics,9,207224.62,Jaffna,2025-07-17 02:54:24.864864866
O0543,C044,Phone,Electronics,2,197428.57,galle,2025-07-17 11:39:05.945945946
O0544,C173,Smart Watch,Electronics,1,77295.06,KANDY,2025-07-17 20:23:47.027027028
O0545,C160,Keyboard,Electronics,6,228490.22,Jaffna,2025-07-18 05:08:28.108108108
O0546,C173,Tablet,Electronics,10,238227.35,Jaffna ,2025-07-18 13:53:09.189189190
O0547,C149,Monitor,Electronics,8,82022.26,KANDY,2025-07-18 22:37:50.270270270
O0548,C080,Smart Watch,Electronics,3,88929.02,galle,2025-07-19 07:22:31.351351352
O0549,C213,Headphones,Electronics,10,126655.72,KANDY,2025-07-19 16:07:12.432432432
O0550,C203,Mouse,Electronics,1,235309.64,galle,2025-07-20 00:51:53.513513514
O0551,C252,Smart Watch,Accessories,9,219141.7,KANDY,2025-07-20 09:36:34.594594596
O0552,C229,Phone,Electronics,1,26090.71,Jaffna,2025-07-20 18:21:15.675675676
O0553,C164,Phone,Electronics,3,98486.32,Galle,2025-07-21 03:05:56.756756758
O0554,C227,Monitor,Accessories,8,138566.11,colombo,2025-07-21 11:50:37.837837838
O0555,C147,Mouse,Electronics,3,126031.55,Jaffna,2025-07-21 20:35:18.918918920
O0556,C020,Keyboard,Accessories,4,48868.84,Colombo,2025-07-22 05:20:00.000000000
O0557,C047,Smart Watch,Electronics,8,214774.78,Kandy,2025-07-22 14:04:41.081081082
O0558,C233,Mouse,Electronics,1,169396.73,Galle,2025-07-22 22:49:22.162162162
O0559,C014,Keyboard,Electronics,6,209558.14,Jaffna ,2025-07-23 07:34:03.243243244
O0560,C143,Mouse,Accessories,1,214761.69,Colombo,2025-07-23 16:18:44.324324324
O0561,C001,Mouse,Electronics,1,187214.79,Jaffna,2025-07-24 01:03:25.405405406
O0562,C054,Laptop,Accessories,8,110083.05,KANDY,2025-07-24 09:48:06.486486488
O0563,C259,Phone,Electronics,4,152831.42,Jaffna,2025-07-24 18:32:47.567567568
O0564,C144,Smart Watch,Electronics,1,40511.17,Negombo,2025-07-25 03:17:28.648648650
O0565,C012,Mouse,Electronics,10,168574.53,Galle,2025-07-25 12:02:09.729729730
O0566,C224,Smart Watch,Accessories,7,45223.69,colombo,2025-07-25 20:46:50.810810812
O0567,C272,Monitor,Accessories,5,173640.42,Jaffna ,2025-07-26 05:31:31.891891892
O0568,C156,Mouse,Electronics,5,57784.74,Negombo,2025-07-26 14:16:12.972972974
O0569,C008,Headphones,Electronics,1,,galle,2025-07-26 23:00:54.054054054
O0570,C122,Phone,Accessories,10,41738.48,Negombo,2025-07-27 07:45:35.135135136
O0571,C164,Headphones,Electronics,6,997.04,Jaffna,2025-07-27 16:30:16.216216216
O0572,C090,Smart Watch,Electronics,9,179825.53,Jaffna ,2025-07-28 01:14:57.297297298
O0573,C136,Smart Watch,Electronics,9,183234.06,Jaffna,2025-07-28 09:59:38.378378378
O0574,C186,Phone,Accessories,8,,galle,2025-07-28 18:44:19.459459460
O0575,C178,Smart Watch,Accessories,5,40760.02,Colombo,2025-07-29 03:29:00.540540540
O0576,C028,Headphones,Electronics,1,21346.81,Jaffna ,2025-07-29 12:13:41.621621624
O0577,C220,Mouse,Electronics,9,5272.68,Colombo,2025-07-29 20:58:22.702702704
O0578,C041,Mouse,Electronics,1,41854.17,Galle,2025-07-30 05:43:03.783783784
O0579,C228,Laptop,Electronics,8,222768.46,Galle,2025-07-30 14:27:44.864864864
O0580,C192,Monitor,Electronics,5,60763.44,Colombo,2025-07-30 23:12:25.945945948
O0581,C145,Smart Watch,Electronics,3,88890.7,Galle,2025-07-31 07:57:07.027027028
O0582,C201,Headphones,Electronics,7,26783.7,Jaffna ,2025-07-31 16:41:48.108108108
O0583,C212,Smart Watch,Accessories,7,55979.15,KANDY,2025-08-01 01:26:29.189189188
O0584,C220,Smart Watch,Electronics,9,130046.53,Colombo,2025-08-01 10:11:10.270270272
O0585,C240,Keyboard,Accessories,7,152134.29,Galle,2025-08-01 18:55:51.351351352
O0586,C046,Laptop,Electronics,3,61715.4,Galle,2025-02-08 00:00:00.000000000
O0587,C035,Headphones,Accessories,1,14904.17,Jaffna,2025-08-02 12:25:13.513513516
O0588,C253,Headphones,Electronics,8,98062.7,Colombo,2025-08-02 21:09:54.594594596
O0589,C082,Smart Watch,Accessories,3,58933.74,Kandy,2025-08-03 05:54:35.675675676
O0590,C256,Laptop,Electronics,8,55278.7,colombo,2025-08-03 14:39:16.756756756
O0591,C197,Mouse,Accessories,-5,239985.77,Negombo,2025-08-03 23:23:57.837837840
O0592,C010,Headphones,Electronics,5,154266.97,Galle,2025-08-04 08:08:38.918918920
O0593,C286,Mouse,Electronics,1,139441.17,Negombo,2025-08-04 16:53:20.000000000
O0594,C242,Laptop,Electronics,10,104235.89,Jaffna ,2025-08-05 01:38:01.081081080
O0595,C251,Mouse,Accessories,7,107521.61,Kandy,2025-08-05 10:22:42.162162164
O0596,C005,Phone,Electronics,10,135455.8,colombo,2025-08-05 19:07:23.243243244
O0597,C119,Keyboard,Electronics,5,174259.24,Colombo,2025-08-06 03:52:04.324324324
O0598,C289,Tablet,Accessories,8,175685.45,Colombo,2025-08-06 12:36:45.405405404
O0599,C065,Headphones,Electronics,9,43337.63,colombo,2025-08-06 21:21:26.486486488
O0600,C146,Monitor,Electronics,7,125278.13,colombo,2025-08-07 06:06:07.567567568
O0601,C224,Keyboard,Electronics,7,103283.54,Colombo,2025-08-07 14:50:48.648648648
O0602,C239,Tablet,Electronics,1,217696.48,KANDY,2025-08-07 23:35:29.729729732
O0603,C177,Mouse,Electronics,-1,158039.02,Colombo,2025-08-08 08:20:10.810810812
O0604,C267,Headphones,Electronics,2,133359.76,Jaffna,2025-08-08 17:04:51.891891892
O0605,C282,Mouse,Electronics,2,29290.96,Negombo,2025-08-09 01:49:32.972972972
O0606,C063,Phone,Accessories,0,151606.65,Galle,2025-08-09 10:34:14.054054056
O0607,C217,Laptop,Electronics,4,29742.37,colombo,2025-08-09 19:18:55.135135136
O0608,C283,Headphones,Electronics,1,84633.04,Jaffna ,2025-08-10 04:03:36.216216216
O0609,C177,Tablet,Electronics,4,36139.07,Colombo,2025-08-10 12:48:17.297297296
O0610,C098,Tablet,Accessories,2,173172.37,Negombo,2025-08-10 21:32:58.378378380
O0611,C105,Phone,Electronics,5,51959.9,Kandy,2025-08-11 06:17:39.459459460
O0612,C099,Phone,Electronics,3,98268.91,Colombo,2025-08-11 15:02:20.540540540
O0613,C006,Smart Watch,Electronics,8,223970.86,Kandy,2025-08-11 23:47:01.621621624
O0614,C197,Headphones,Electronics,4,51476.94,Colombo,2025-08-12 08:31:42.702702704
O0615,C133,Mouse,Electronics,1,127197.36,colombo,2025-08-12 17:16:23.783783784
O0616,C259,Monitor,Electronics,1,105108.28,Jaffna ,2025-08-13 02:01:04.864864864
O0617,C023,Tablet,Electronics,10,5021.95,Galle,2025-08-13 10:45:45.945945948
O0618,C053,Tablet,Electronics,3,198293.15,Kandy,2025-08-13 19:30:27.027027028
O0619,C165,Phone,Accessories,9,17726.95,Negombo,2025-08-14 04:15:08.108108108
O0620,C202,Keyboard,Accessories,7,118826.63,KANDY,2025-08-14 12:59:49.189189188
O0621,C083,Phone,Accessories,2,140389.23,Colombo,2025-08-14 21:44:30.270270272
O0622,C145,Monitor,Electronics,9,157292.4,KANDY,2025-08-15 06:29:11.351351352
O0623,C085,Mouse,Accessories,0,172313.59,Colombo,2025-08-15 15:13:52.432432432
O0624,C078,Mouse,Electronics,2,63691.46,Jaffna,2025-08-15 23:58:33.513513516
O0625,C001,Keyboard,Electronics,3,2989.7,Negombo,2025-08-16 08:43:14.594594596
O0626,C051,Tablet,Electronics,10,180999.19,KANDY,2025-08-16 17:27:55.675675676
O0627,C173,Phone,Electronics,2,134146.32,Jaffna ,2025-08-17 02:12:36.756756756
O0628,C205,Smart Watch,Electronics,3,209111.37,colombo,2025-08-17 10:57:17.837837840
O0629,C260,Mouse,Accessories,6,205436.4,Colombo,2025-08-17 19:41:58.918918920
O0630,C288,Monitor,Electronics,9,210909.88,Galle,2025-08-18 04:26:40.000000000
O0631,C034,Headphones,Electronics,9,121531.12,colombo,2025-08-18 13:11:21.081081080
O0632,C095,Laptop,Electronics,7,83740.28,colombo,2025-08-18 21:56:02.162162164
O0633,C072,Laptop,Electronics,3,197993.77,Colombo,2025-08-19 06:40:43.243243244
O0634,C039,Laptop,Electronics,4,113097.88,Jaffna ,2025-08-19 15:25:24.324324324
O0635,C154,Smart Watch,Electronics,6,46268.83,Colombo,2025-08-20 00:10:05.405405408
O0636,C250,Tablet,Electronics,5,213816.02,galle,2025-08-20 08:54:46.486486488
O0637,C162,Phone,Electronics,2,220698.69,Kandy,2025-08-20 00:00:00.000000000
O0638,C118,Keyboard,Electronics,6,116844.28,Galle,2025-08-21 02:24:08.648648648
O0639,C259,Smart Watch,Electronics,3,19387.08,Kandy,2025-08-21 11:08:49.729729732
O0640,C268,Smart Watch,Accessories,-5,97262.61,Colombo,2025-08-21 19:53:30.810810812
O0641,C054,Mouse,Electronics,2,200982.65,galle,2025-08-22 04:38:11.891891892
O0642,C236,Headphones,Electronics,1,225492.62,Negombo,2025-08-22 00:00:00.000000000
O0643,C222,Smart Watch,Electronics,9,51266.45,Colombo,2025-08-22 22:07:34.054054056
O0644,C251,Monitor,Accessories,3,17209.92,Colombo,2025-08-23 06:52:15.135135136
O0645,C112,Headphones,Electronics,1,219398.94,Jaffna,2025-08-23 15:36:56.216216216
O0646,C255,Monitor,Electronics,7,97656.53,Galle,2025-08-24 00:21:37.297297296
O0647,C207,Tablet,Electronics,10,135669.36,Colombo,2025-08-24 09:06:18.378378380
O0648,C229,Phone,Electronics,5,242032.42,Jaffna ,2025-08-24 17:50:59.459459460
O0649,C066,Laptop,Electronics,5,17107.9,Kandy,2025-08-25 02:35:40.540540540
O0650,C075,Smart Watch,Electronics,1,162255.34,Colombo,2025-08-25 11:20:21.621621624
O0651,C103,Phone,Electronics,-1,18989.3,Kandy,2025-08-25 20:05:02.702702704
O0652,C192,Tablet,Accessories,7,94179.5,Kandy,2025-08-26 04:49:43.783783784
O0653,C252,Keyboard,Electronics,8,201051.73,Negombo,2025-08-26 13:34:24.864864864
O0654,C226,Keyboard,Electronics,9,108651.32,Galle,2025-08-26 22:19:05.945945948
O0655,C294,Tablet,Electronics,6,249297.0,Galle,2025-08-27 07:03:47.027027028
O0656,C098,Monitor,Electronics,5,139985.29,KANDY,2025-08-27 15:48:28.108108108
O0657,C286,Mouse,Electronics,6,80629.96,colombo,2025-08-28 00:33:09.189189188
O0658,C249,Mouse,Electronics,2,55417.78,Galle,2025-08-28 09:17:50.270270272
O0659,C166,Monitor,Accessories,4,87954.87,Kandy,2025-08-28 18:02:31.351351352
O0660,C030,Keyboard,Electronics,3,93447.05,Colombo,2025-08-29 02:47:12.432432432
O0661,C247,Keyboard,Electronics,7,17644.06,Kandy,2025-08-29 11:31:53.513513516
O0662,C106,Smart Watch,Accessories,9,92708.76,Colombo,2025-08-29 20:16:34.594594596
O0663,C051,Keyboard,Electronics,5,116327.51,KANDY,2025-08-30 05:01:15.675675676
O0664,C081,Phone,Electronics,6,180823.07,Colombo,2025-08-30 13:45:56.756756756
O0665,C133,Keyboard,Electronics,10,164354.01,Galle,2025-08-30 22:30:37.837837840
O0666,C285,Headphones,Electronics,2,177337.03,Negombo,2025-08-31 07:15:18.918918920
O0667,C138,Smart Watch,Electronics,3,2586.74,Colombo,2025-08-31 16:00:00.000000000
O0668,C184,Laptop,Electronics,3,54808.02,Kandy,2025-09-01 00:44:41.081081080
O0669,C273,Keyboard,Electronics,9,165590.23,Jaffna ,2025-09-01 09:29:22.162162164
O0670,C069,Monitor,Accessories,7,,Galle,2025-09-01 18:14:03.243243244
O0671,C034,Laptop,Accessories,8,1825.71,Jaffna ,2025-09-02 02:58:44.324324324
O0672,C262,Phone,Electronics,10,201221.41,galle,2025-09-02 11:43:25.405405408
O0673,C053,Monitor,Electronics,9,193315.99,galle,2025-09-02 20:28:06.486486488
O0674,C205,Laptop,Electronics,6,137330.58,Kandy,2025-09-03 05:12:47.567567568
O0675,C126,Monitor,Electronics,4,17082.6,galle,2025-09-03 13:57:28.648648648
O0676,C235,Phone,Electronics,1,191745.5,colombo,2025-09-03 22:42:09.729729732
O0677,C043,Smart Watch,Accessories,8,146136.54,KANDY,2025-09-04 07:26:50.810810812
O0678,C240,Headphones,Accessories,7,195599.01,Galle,2025-09-04 16:11:31.891891892
O0679,C111,Phone,Electronics,2,188060.87,Jaffna ,2025-09-05 00:56:12.972972972
O0680,C249,Phone,Electronics,8,200849.02,Kandy,2025-09-05 09:40:54.054054056
O0681,C151,Monitor,Accessories,5,129743.01,colombo,2025-09-05 18:25:35.135135136
O0682,C183,Smart Watch,Electronics,7,35510.97,Kandy,2025-09-06 03:10:16.216216216
O0683,C095,Tablet,Accessories,4,167953.79,colombo,2025-09-06 11:54:57.297297296
O0684,C008,Mouse,Electronics,5,155308.21,galle,2025-09-06 20:39:38.378378380
O0685,C184,Keyboard,Electronics,8,,galle,2025-09-07 05:24:19.459459460
O0686,C281,Keyboard,Accessories,1,42885.31,Colombo,2025-09-07 14:09:00.540540540
O0687,C195,Headphones,Accessories,1,49146.31,Jaffna,2025-09-07 22:53:41.621621624
O0688,C195,Headphones,Accessories,4,222657.17,Kandy,2025-09-08 07:38:22.702702704
O0689,C155,Keyboard,Accessories,3,187619.46,Colombo,2025-09-08 16:23:03.783783784
O0690,C093,Mouse,Electronics,10,227103.01,Galle,2025-09-09 01:07:44.864864864
O0691,C160,Keyboard,Electronics,2,189799.47,Colombo,2025-09-09 09:52:25.945945948
O0692,C061,Tablet,Electronics,3,149490.25,Colombo,2025-09-09 18:37:07.027027028
O0693,C122,Mouse,Accessories,1,163706.12,galle,2025-09-10 03:21:48.108108108
O0694,C051,Headphones,Accessories,1,222337.42,Colombo,2025-09-10 12:06:29.189189188
O0695,C277,Laptop,Electronics,6,144912.29,Kandy,2025-09-10 20:51:10.270270272
O0696,C005,Monitor,Electronics,5,158281.64,Jaffna ,2025-09-11 05:35:51.351351352
O0697,C092,Tablet,Accessories,8,39540.94,Jaffna ,2025-09-11 14:20:32.432432432
O0698,C170,Tablet,Electronics,2,118743.34,Galle,2025-09-11 23:05:13.513513516
O0699,C022,Smart Watch,Accessories,4,179241.08,Colombo,2025-09-12 07:49:54.594594596
O0700,C001,Headphones,Accessories,8,68100.2,Jaffna ,2025-09-12 16:34:35.675675676
O0701,C133,Headphones,Electronics,6,50962.42,colombo,2025-09-13 01:19:16.756756756
O0702,C233,Phone,Electronics,1,78799.79,colombo,2025-09-13 10:03:57.837837840
O0703,C012,Tablet,Electronics,4,60754.41,Galle,2025-09-13 18:48:38.918918920
O0704,C046,Phone,Accessories,1,54120.7,KANDY,2025-09-14 03:33:20.000000000
O0705,C034,Phone,Electronics,2,106500.29,galle,2025-09-14 12:18:01.081081080
O0706,C078,Monitor,Electronics,5,227005.71,Colombo,2025-09-14 21:02:42.162162164
O0707,C218,Phone,Electronics,8,127011.38,Kandy,2025-09-15 05:47:23.243243244
O0708,C073,Mouse,Accessories,8,47386.14,Negombo,2025-09-15 14:32:04.324324324
O0709,C282,Keyboard,Electronics,-5,19704.43,Negombo,2025-09-15 23:16:45.405405408
O0710,C249,Laptop,Electronics,4,174190.96,Negombo,2025-09-16 08:01:26.486486488
O0711,C047,Headphones,Electronics,10,96008.29,Jaffna ,2025-09-16 16:46:07.567567568
O0712,C121,Mouse,Electronics,6,205546.82,KANDY,2025-09-17 01:30:48.648648648
O0713,C214,Laptop,Accessories,10,165047.94,KANDY,2025-09-17 10:15:29.729729732
O0714,C239,Tablet,Electronics,3,199162.24,Colombo,2025-09-17 19:00:10.810810812
O0715,C056,Tablet,Electronics,2,68350.54,Colombo,2025-09-18 03:44:51.891891892
O0716,C107,Tablet,Electronics,6,173243.55,KANDY,2025-09-18 12:29:32.972972972
O0717,C048,Mouse,Electronics,5,66383.47,Galle,2025-09-18 21:14:14.054054056
O0718,C061,Mouse,Electronics,10,234797.59,Colombo,2025-09-19 05:58:55.135135136
O0719,C026,Headphones,Electronics,5,159275.38,Galle,2025-09-19 14:43:36.216216216
O0720,C292,Keyboard,Electronics,-5,81465.69,Colombo,2025-09-19 23:28:17.297297296
O0721,C257,Smart Watch,Electronics,5,67743.21,colombo,2025-09-20 08:12:58.378378380
O0722,C008,Phone,Accessories,10,48136.18,galle,2025-09-20 16:57:39.459459460
O0723,C113,Tablet,Electronics,5,173812.92,Colombo,2025-09-21 01:42:20.540540540
O0724,C253,Monitor,Electronics,3,55069.55,KANDY,2025-09-21 10:27:01.621621624
O0725,C180,Keyboard,Electronics,7,149028.16,colombo,2025-09-21 19:11:42.702702704
O0726,C207,Monitor,Electronics,6,66526.44,colombo,2025-09-22 03:56:23.783783784
O0727,C127,Headphones,Electronics,4,165661.25,Jaffna,2025-09-22 12:41:04.864864864
O0728,C056,Headphones,Electronics,2,203827.46,KANDY,2025-09-22 21:25:45.945945948
O0729,C214,Headphones,Electronics,9,194617.3,galle,2025-09-23 06:10:27.027027028
O0730,C014,Laptop,Electronics,1,190332.41,KANDY,2025-09-23 14:55:08.108108108
O0731,C028,Monitor,Accessories,4,47336.74,Colombo,2025-09-23 23:39:49.189189188
O0732,C078,Keyboard,Electronics,1,22552.04,Kandy,2025-09-24 08:24:30.270270272
O0733,C216,Smart Watch,Accessories,6,174887.73,Colombo,2025-09-24 17:09:11.351351352
O0734,C154,Keyboard,Electronics,4,92402.63,Galle,2025-09-25 01:53:52.432432432
O0735,C014,Mouse,Electronics,5,108370.38,Kandy,2025-09-25 10:38:33.513513516
O0736,C187,Mouse,Electronics,5,8271.7,Colombo,2025-09-25 19:23:14.594594596
O0737,C007,Tablet,Electronics,9,65264.32,Kandy,2025-09-26 04:07:55.675675676
O0738,C003,Smart Watch,Electronics,1,8902.26,Galle,2025-09-26 00:00:00.000000000
O0739,C111,Mouse,Electronics,2,219856.85,Jaffna ,2025-09-26 21:37:17.837837840
O0740,C238,Headphones,Accessories,6,61227.47,KANDY,2025-09-27 06:21:58.918918920
O0741,C239,Keyboard,Electronics,5,139555.62,Kandy,2025-09-27 15:06:40.000000000
O0742,C274,Monitor,Accessories,7,10225.34,Colombo,2025-09-27 23:51:21.081081080
O0743,C294,Headphones,Accessories,3,166878.42,galle,2025-09-28 08:36:02.162162164
O0744,C227,Laptop,Electronics,3,81095.32,Negombo,2025-09-28 17:20:43.243243244
O0745,C015,Mouse,Electronics,10,224530.84,Colombo,2025-09-29 02:05:24.324324324
O0746,C192,Headphones,Electronics,2,222085.49,Galle,2025-09-29 10:50:05.405405408
O0747,C119,Headphones,Accessories,3,81660.01,galle,2025-09-29 19:34:46.486486488
O0748,C028,Laptop,Electronics,10,225289.74,Colombo,2025-09-30 04:19:27.567567568
O0749,C202,Phone,Accessories,1,249041.34,colombo,2025-09-30 13:04:08.648648648
O0750,C039,Keyboard,Accessories,5,206441.21,KANDY,2025-09-30 21:48:49.729729732
O0751,C273,Monitor,Accessories,5,211295.4,galle,2025-10-01 06:33:30.810810812
O0752,C231,Tablet,Accessories,7,62627.68,colombo,2025-10-01 15:18:11.891891892
O0753,C086,Phone,Accessories,4,144387.25,Colombo,2025-10-02 00:02:52.972972972
O0754,C126,Mouse,Accessories,3,17280.35,Colombo,2025-10-02 08:47:34.054054056
O0755,C300,Headphones,Electronics,1,24182.03,Jaffna,2025-10-02 17:32:15.135135136
O0756,C025,Smart Watch,Electronics,8,249723.71,Colombo,2025-10-03 02:16:56.216216216
O0757,C145,Laptop,Electronics,3,81996.49,KANDY,2025-03-10 00:00:00.000000000
O0758,C013,Laptop,Electronics,2,187171.89,galle,2025-10-03 19:46:18.378378380
O0759,C212,Smart Watch,Accessories,4,201762.93,galle,2025-10-04 04:30:59.459459460
O0760,C025,Keyboard,Accessories,3,214576.81,KANDY,2025-10-04 13:15:40.540540540
O0761,C068,Phone,Electronics,1,249408.26,colombo,2025-10-04 22:00:21.621621624
O0762,C067,Tablet,Electronics,3,,Jaffna,2025-10-05 06:45:02.702702704
O0763,C233,Keyboard,Electronics,2,10567.53,Colombo,2025-10-05 15:29:43.783783784
O0764,C109,Smart Watch,Accessories,8,103092.28,Galle,2025-10-06 00:14:24.864864864
O0765,C146,Headphones,Electronics,6,32955.13,Colombo,2025-10-06 08:59:05.945945948
O0766,C111,Smart Watch,Electronics,9,6095.26,Colombo,2025-10-06 17:43:47.027027028
O0767,C228,Keyboard,Electronics,8,90426.49,Negombo,2025-10-07 02:28:28.108108108
O0768,C111,Monitor,Accessories,10,196042.69,Jaffna,2025-10-07 11:13:09.189189188
O0769,C034,Laptop,Electronics,3,141762.08,Galle,2025-10-07 19:57:50.270270272
O0770,C111,Laptop,Electronics,5,78538.11,Colombo,2025-10-08 04:42:31.351351352
O0771,C264,Mouse,Electronics,7,163758.33,Galle,2025-10-08 13:27:12.432432432
O0772,C236,Mouse,Accessories,5,58388.54,Colombo,2025-10-08 22:11:53.513513516
O0773,C083,Smart Watch,Accessories,8,4088.17,galle,2025-10-09 06:56:34.594594596
O0774,C042,Tablet,Electronics,5,191206.17,Galle,2025-10-09 15:41:15.675675676
O0775,C101,Headphones,Accessories,1,156123.9,Colombo,2025-10-10 00:25:56.756756756
O0776,C006,Monitor,Electronics,5,190694.5,colombo,2025-10-10 09:10:37.837837840
O0777,C180,Phone,Electronics,4,10215.04,Jaffna,2025-10-10 17:55:18.918918920
O0778,C282,Keyboard,Electronics,6,209361.35,KANDY,2025-10-11 02:40:00.000000000
O0779,C226,Tablet,Electronics,3,155071.79,Kandy,2025-10-11 11:24:41.081081080
O0780,C229,Headphones,Electronics,5,141067.14,Jaffna ,2025-10-11 20:09:22.162162164
O0781,C289,Mouse,Accessories,2,156341.21,Jaffna ,2025-10-12 04:54:03.243243244
O0782,C150,Smart Watch,Electronics,0,216176.1,Kandy,2025-10-12 13:38:44.324324324
O0783,C277,Keyboard,Electronics,6,146940.66,Galle,2025-10-12 22:23:25.405405408
O0784,C198,Mouse,Electronics,5,145447.12,Jaffna,2025-10-13 07:08:06.486486488
O0785,C070,Smart Watch,Accessories,6,,Galle,2025-10-13 15:52:47.567567568
O0786,C112,Keyboard,Electronics,7,189304.18,KANDY,2025-10-14 00:37:28.648648648
O0787,C004,Phone,Electronics,5,110852.3,Jaffna,2025-10-14 09:22:09.729729732
O0788,C095,Headphones,Electronics,1,176995.55,Kandy,2025-10-14 18:06:50.810810812
O0789,C152,Keyboard,Electronics,8,97613.0,Galle,2025-10-15 02:51:31.891891892
O0790,C137,Monitor,Electronics,4,57604.43,Negombo,2025-10-15 11:36:12.972972972
O0791,C247,Tablet,Accessories,9,149414.54,Colombo,2025-10-15 20:20:54.054054056
O0792,C243,Laptop,Electronics,10,232081.43,colombo,2025-10-16 05:05:35.135135136
O0793,C031,Monitor,Accessories,6,232320.31,galle,2025-10-16 13:50:16.216216216
O0794,C040,Monitor,Accessories,1,85805.37,colombo,2025-10-16 22:34:57.297297300
O0795,C229,Tablet,Electronics,3,132155.53,KANDY,2025-10-17 07:19:38.378378380
O0796,C036,Laptop,Electronics,3,53303.16,Galle,2025-10-17 16:04:19.459459460
O0797,C223,Monitor,Accessories,10,248909.96,Colombo,2025-10-18 00:49:00.540540540
O0798,C006,Keyboard,Accessories,4,245288.92,Jaffna,2025-10-18 09:33:41.621621624
O0799,C220,Keyboard,Accessories,6,162552.48,Galle,2025-10-18 18:18:22.702702704
O0800,C075,Keyboard,Electronics,7,201201.31,Jaffna,2025-10-19 03:03:03.783783784
O0801,C004,Laptop,Accessories,10,178917.49,galle,2025-10-19 11:47:44.864864864
O0802,C134,Monitor,Accessories,4,148492.98,Negombo,2025-10-19 20:32:25.945945948
O0803,C118,Smart Watch,Electronics,6,13810.33,colombo,2025-10-20 05:17:07.027027028
O0804,C094,Laptop,Accessories,1,113963.7,Colombo,2025-10-20 14:01:48.108108108
O0805,C062,Keyboard,Electronics,8,168859.18,galle,2025-10-20 22:46:29.189189188
O0806,C194,Tablet,Electronics,7,169544.14,galle,2025-10-21 00:00:00.000000000
O0807,C203,Monitor,Electronics,9,93594.09,colombo,2025-10-21 16:15:51.351351352
O0808,C026,Monitor,Accessories,3,235452.15,galle,2025-10-22 01:00:32.432432432
O0809,C173,Mouse,Electronics,2,42255.58,Colombo,2025-10-22 09:45:13.513513516
O0810,C300,Mouse,Electronics,1,125339.68,Colombo,2025-10-22 18:29:54.594594596
O0811,C133,Phone,Accessories,3,172875.55,Jaffna ,2025-10-23 03:14:35.675675676
O0812,C118,Smart Watch,Accessories,5,174435.38,Jaffna ,2025-10-23 11:59:16.756756756
O0813,C275,Smart Watch,Electronics,2,162335.42,Colombo,2025-10-23 20:43:57.837837840
O0814,C212,Headphones,Electronics,3,69184.41,Kandy,2025-10-24 05:28:38.918918920
O0815,C225,Smart Watch,Accessories,4,39473.54,Negombo,2025-10-24 14:13:20.000000000
O0816,C020,Mouse,Electronics,7,159167.11,Jaffna,2025-10-24 22:58:01.081081080
O0817,C113,Laptop,Electronics,3,150025.88,Negombo,2025-10-25 07:42:42.162162164
O0818,C140,Smart Watch,Accessories,9,45249.32,KANDY,2025-10-25 16:27:23.243243244
O0819,C047,Mouse,Electronics,8,176432.22,galle,2025-10-26 01:12:04.324324324
O0820,C001,Phone,Accessories,4,114065.41,Colombo,2025-10-26 09:56:45.405405408
O0821,C090,Monitor,Electronics,1,167106.27,galle,2025-10-26 18:41:26.486486488
O0822,C142,Smart Watch,Accessories,1,209423.09,Negombo,2025-10-27 03:26:07.567567568
O0823,C038,Phone,Electronics,1,42847.24,Colombo,2025-10-27 12:10:48.648648648
O0824,C293,Monitor,Electronics,1,5276.64,colombo,2025-10-27 20:55:29.729729732
O0825,C139,Tablet,Electronics,8,194886.1,KANDY,2025-10-28 05:40:10.810810812
O0826,C259,Tablet,Electronics,3,152619.51,Colombo,2025-10-28 14:24:51.891891892
O0827,C161,Monitor,Accessories,6,175060.07,Negombo,2025-10-28 23:09:32.972972972
O0828,C178,Smart Watch,Accessories,3,209619.67,colombo,2025-10-29 07:54:14.054054056
O0829,C010,Headphones,Accessories,5,200801.33,Colombo,2025-10-29 16:38:55.135135136
O0830,C261,Mouse,Electronics,7,240249.58,Negombo,2025-10-30 01:23:36.216216216
O0831,C138,Laptop,Electronics,2,134215.8,Jaffna,2025-10-30 00:00:00.000000000
O0832,C172,Laptop,Accessories,6,122379.66,Galle,2025-10-30 18:52:58.378378380
O0833,C013,Keyboard,Electronics,6,100770.86,colombo,2025-10-31 03:37:39.459459460
O0834,C168,Monitor,Accessories,3,38845.92,Negombo,2025-10-31 00:00:00.000000000
O0835,C130,Laptop,Electronics,6,143365.5,Colombo,2025-10-31 21:07:01.621621624
O0836,C084,Smart Watch,Electronics,10,69614.62,Jaffna,2025-11-01 05:51:42.702702704
O0837,C101,Headphones,Electronics,10,230366.22,Kandy,2025-11-01 14:36:23.783783784
O0838,C273,Monitor,Electronics,5,146006.11,colombo,2025-11-01 23:21:04.864864864
O0839,C265,Headphones,Electronics,2,148413.63,Jaffna,2025-11-02 08:05:45.945945948
O0840,C038,Smart Watch,Electronics,9,89053.7,Colombo,2025-11-02 16:50:27.027027028
O0841,C094,Laptop,Electronics,8,13471.34,Negombo,2025-11-03 01:35:08.108108108
O0842,C095,Laptop,Electronics,3,8420.07,galle,2025-11-03 10:19:49.189189188
O0843,C069,Keyboard,Electronics,8,106122.12,Colombo,2025-11-03 19:04:30.270270272
O0844,C236,Laptop,Accessories,9,21599.06,galle,2025-11-04 03:49:11.351351352
O0845,C137,Monitor,Electronics,3,151908.32,Galle,2025-11-04 12:33:52.432432432
O0846,C076,Smart Watch,Accessories,3,220302.76,Jaffna,2025-11-04 21:18:33.513513516
O0847,C035,Tablet,Electronics,2,220787.25,Galle,2025-11-05 06:03:14.594594596
O0848,C001,Smart Watch,Electronics,8,164931.83,Colombo,2025-11-05 14:47:55.675675676
O0849,C296,Monitor,Electronics,10,53202.34,Jaffna,2025-11-05 23:32:36.756756756
O0850,C060,Monitor,Electronics,1,,Jaffna ,2025-11-06 08:17:17.837837840
O0851,C267,Keyboard,Electronics,8,221580.31,Colombo,2025-11-06 17:01:58.918918920
O0852,C229,Keyboard,Accessories,7,49565.07,Jaffna,2025-11-07 01:46:40.000000000
O0853,C270,Laptop,Electronics,7,184487.81,Colombo,2025-11-07 10:31:21.081081080
O0854,C286,Phone,Accessories,3,71986.63,galle,2025-11-07 19:16:02.162162164
O0855,C291,Smart Watch,Accessories,1,200758.76,KANDY,2025-11-08 04:00:43.243243244
O0856,C213,Smart Watch,Electronics,4,249310.86,colombo,2025-11-08 12:45:24.324324324
O0857,C165,Phone,Electronics,9,7991.49,KANDY,2025-11-08 21:30:05.405405408
O0858,C005,Keyboard,Electronics,5,224392.78,Negombo,2025-11-09 06:14:46.486486488
O0859,C078,Laptop,Electronics,1,155846.32,colombo,2025-11-09 14:59:27.567567568
O0860,C062,Phone,Electronics,5,243358.96,colombo,2025-11-09 23:44:08.648648648
O0861,C132,Laptop,Electronics,8,116519.87,Kandy,2025-11-10 08:28:49.729729732
O0862,C089,Laptop,Electronics,8,211923.29,colombo,2025-11-10 17:13:30.810810812
O0863,C237,Laptop,Electronics,5,16067.32,Colombo,2025-11-11 01:58:11.891891892
O0864,C042,Mouse,Electronics,9,84152.12,KANDY,2025-11-11 10:42:52.972972972
O0865,C089,Monitor,Electronics,1,17220.63,galle,2025-11-11 19:27:34.054054056
O0866,C296,Laptop,Accessories,4,243848.11,Colombo,2025-11-12 04:12:15.135135136
O0867,C295,Mouse,Electronics,3,204334.99,Negombo,2025-11-12 12:56:56.216216216
O0868,C104,Keyboard,Electronics,2,213210.58,colombo,2025-11-12 21:41:37.297297300
O0869,C014,Phone,Accessories,8,234522.33,Negombo,2025-11-13 00:00:00.000000000
O0870,C288,Monitor,Electronics,7,21733.32,galle,2025-11-13 15:10:59.459459460
O0871,C179,Tablet,Accessories,9,96706.6,Negombo,2025-11-13 23:55:40.540540540
O0872,C125,Phone,Electronics,2,18223.2,galle,2025-11-14 08:40:21.621621624
O0873,C023,Monitor,Accessories,-1,53092.88,colombo,2025-11-14 17:25:02.702702704
O0874,C063,Tablet,Electronics,6,57726.76,galle,2025-11-15 02:09:43.783783784
O0875,C143,Phone,Electronics,3,117542.25,colombo,2025-11-15 10:54:24.864864864
O0876,C153,Monitor,Accessories,8,67506.26,Kandy,2025-11-15 19:39:05.945945948
O0877,C145,Phone,Electronics,3,25694.04,Kandy,2025-11-16 04:23:47.027027028
O0878,C225,Phone,Accessories,2,42289.03,galle,2025-11-16 13:08:28.108108108
O0879,C104,Tablet,Electronics,3,37245.25,Kandy,2025-11-16 21:53:09.189189192
O0880,C104,Phone,Electronics,6,243282.66,Colombo,2025-11-17 06:37:50.270270272
O0881,C039,Phone,Electronics,2,189943.48,Colombo,2025-11-17 15:22:31.351351352
O0882,C198,Tablet,Electronics,8,241956.49,Kandy,2025-11-18 00:07:12.432432432
O0883,C134,Keyboard,Electronics,1,110215.25,Kandy,2025-11-18 08:51:53.513513516
O0884,C067,Laptop,Accessories,7,69952.94,Jaffna ,2025-11-18 17:36:34.594594596
O0885,C179,Smart Watch,Electronics,2,199674.15,Jaffna ,2025-11-19 02:21:15.675675676
O0886,C042,Headphones,Electronics,10,81900.35,colombo,2025-11-19 11:05:56.756756756
O0887,C015,Mouse,Electronics,6,75196.15,galle,2025-11-19 19:50:37.837837840
O0888,C111,Headphones,Electronics,2,58510.25,Galle,2025-11-20 04:35:18.918918920
O0889,C157,Headphones,Electronics,2,32854.91,Galle,2025-11-20 13:20:00.000000000
O0890,C289,Monitor,Accessories,10,64487.53,Kandy,2025-11-20 22:04:41.081081080
O0891,C231,Laptop,Accessories,8,89152.28,Negombo,2025-11-21 00:00:00.000000000
O0892,C157,Monitor,Accessories,2,168661.55,Kandy,2025-11-21 15:34:03.243243244
O0893,C038,Laptop,Electronics,7,16109.93,Jaffna ,2025-11-22 00:18:44.324324324
O0894,C097,Tablet,Electronics,3,53021.48,colombo,2025-11-22 09:03:25.405405408
O0895,C289,Tablet,Electronics,8,202351.4,Kandy,2025-11-22 17:48:06.486486488
O0896,C254,Smart Watch,Electronics,7,37157.02,KANDY,2025-11-23 02:32:47.567567568
O0897,C196,Laptop,Accessories,8,85989.96,Negombo,2025-11-23 11:17:28.648648648
O0898,C086,Phone,Electronics,7,216232.4,KANDY,2025-11-23 20:02:09.729729732
O0899,C010,Keyboard,Accessories,6,39153.87,colombo,2025-11-24 04:46:50.810810812
O0900,C005,Smart Watch,Electronics,7,21142.84,colombo,2025-11-24 13:31:31.891891892
O0901,C123,Smart Watch,Electronics,5,121392.23,Colombo,2025-11-24 22:16:12.972972972
O0902,C118,Phone,Electronics,7,75953.67,Jaffna,2025-11-25 07:00:54.054054056
O0903,C294,Keyboard,Electronics,1,141070.39,KANDY,2025-11-25 15:45:35.135135136
O0904,C159,Monitor,Accessories,1,201049.32,Colombo,2025-11-26 00:30:16.216216216
O0905,C228,Keyboard,Electronics,9,34718.55,Jaffna ,2025-11-26 09:14:57.297297300
O0906,C216,Monitor,Electronics,5,145384.42,Colombo,2025-11-26 17:59:38.378378380
O0907,C184,Tablet,Electronics,5,126624.44,Negombo,2025-11-27 02:44:19.459459460
O0908,C015,Headphones,Accessories,3,36447.66,Colombo,2025-11-27 11:29:00.540540540
O0909,C157,Tablet,Accessories,5,156187.62,galle,2025-11-27 20:13:41.621621624
O0910,C136,Tablet,Electronics,3,68773.28,Jaffna ,2025-11-28 04:58:22.702702704
O0911,C261,Headphones,Electronics,9,122214.66,Jaffna ,2025-11-28 13:43:03.783783784
O0912,C157,Keyboard,Electronics,9,21026.94,Colombo,2025-11-28 22:27:44.864864864
O0913,C047,Smart Watch,Electronics,6,115166.22,KANDY,2025-11-29 07:12:25.945945948
O0914,C173,Keyboard,Electronics,1,76962.64,Jaffna,2025-11-29 15:57:07.027027028
O0915,C130,Monitor,Electronics,7,205684.11,KANDY,2025-11-30 00:41:48.108108108
O0916,C095,Phone,Electronics,7,14716.19,Colombo,2025-11-30 09:26:29.189189192
O0917,C115,Monitor,Electronics,10,104942.52,galle,2025-11-30 18:11:10.270270272
O0918,C243,Phone,Electronics,10,114878.64,KANDY,2025-12-01 02:55:51.351351352
O0919,C292,Tablet,Electronics,4,181389.02,Galle,2025-12-01 11:40:32.432432432
O0920,C282,Headphones,Accessories,8,143784.75,KANDY,2025-12-01 20:25:13.513513516
O0921,C299,Tablet,Electronics,6,166969.48,colombo,2025-12-02 05:09:54.594594596
O0922,C283,Laptop,Electronics,4,194373.8,Colombo,2025-12-02 13:54:35.675675676
O0923,C069,Keyboard,Electronics,4,215619.64,Negombo,2025-12-02 22:39:16.756756756
O0924,C148,Phone,Electronics,2,78811.94,KANDY,2025-12-03 07:23:57.837837840
O0925,C011,Monitor,Electronics,2,134736.66,Jaffna,2025-12-03 16:08:38.918918920
O0926,C254,Headphones,Electronics,4,210106.97,Jaffna,2025-12-04 00:53:20.000000000
O0927,C038,Phone,Electronics,5,247368.06,KANDY,2025-12-04 09:38:01.081081080
O0928,C134,Monitor,Electronics,8,222435.07,Kandy,2025-12-04 18:22:42.162162164
O0929,C200,Keyboard,Electronics,6,93181.08,Jaffna ,2025-12-05 03:07:23.243243244
O0930,C023,Tablet,Electronics,4,49194.05,KANDY,2025-12-05 11:52:04.324324324
O0931,C218,Keyboard,Electronics,7,122603.44,Jaffna ,2025-12-05 20:36:45.405405408
O0932,C141,Mouse,Electronics,8,185539.54,Galle,2025-12-06 05:21:26.486486488
O0933,C104,Laptop,Accessories,2,123395.98,Colombo,2025-12-06 14:06:07.567567568
O0934,C210,Mouse,Electronics,7,121053.63,Galle,2025-12-06 22:50:48.648648648
O0935,C111,Headphones,Accessories,2,209638.49,KANDY,2025-12-07 07:35:29.729729732
O0936,C104,Phone,Electronics,2,90670.24,Jaffna,2025-12-07 16:20:10.810810812
O0937,C171,Headphones,Electronics,8,215018.77,Kandy,2025-08-12 00:00:00.000000000
O0938,C133,Tablet,Electronics,-5,101997.8,galle,2025-12-08 09:49:32.972972972
O0939,C293,Monitor,Electronics,9,82394.16,Jaffna ,2025-12-08 18:34:14.054054056
O0940,C127,Keyboard,Electronics,1,113770.48,Colombo,2025-12-09 03:18:55.135135136
O0941,C106,Mouse,Electronics,9,190730.52,Jaffna ,2025-12-09 12:03:36.216216216
O0942,C092,Smart Watch,Electronics,1,31937.51,colombo,2025-12-09 20:48:17.297297300
O0943,C287,Mouse,Electronics,10,49506.59,Negombo,2025-12-10 05:32:58.378378380
O0944,C051,Tablet,Electronics,10,237885.48,KANDY,2025-12-10 14:17:39.459459460
O0945,C029,Mouse,Electronics,2,,Galle,2025-12-10 23:02:20.540540540
O0946,C296,Tablet,Accessories,6,,Colombo,2025-12-11 07:47:01.621621624
O0947,C297,Smart Watch,Accessories,6,145038.96,Jaffna,2025-12-11 16:31:42.702702704
O0948,C214,Headphones,Accessories,1,122661.3,Jaffna,2025-12-12 01:16:23.783783784
O0949,C267,Keyboard,Electronics,7,161363.94,Jaffna,2025-12-12 10:01:04.864864864
O0950,C257,Phone,Electronics,8,57841.77,galle,2025-12-12 18:45:45.945945948
O0951,C101,Monitor,Electronics,2,138389.24,colombo,2025-12-13 03:30:27.027027028
O0952,C110,Phone,Electronics,8,93357.23,Jaffna,2025-12-13 12:15:08.108108108
O0953,C182,Headphones,Accessories,9,165585.98,Jaffna,2025-12-13 20:59:49.189189192
O0954,C001,Monitor,Accessories,6,35735.27,KANDY,2025-12-14 05:44:30.270270272
O0955,C055,Mouse,Electronics,5,142933.92,colombo,2025-12-14 14:29:11.351351352
O0956,C149,Smart Watch,Electronics,9,46724.95,Kandy,2025-12-14 23:13:52.432432432
O0957,C137,Smart Watch,Electronics,9,70021.44,Kandy,2025-12-15 07:58:33.513513516
O0958,C202,Laptop,Electronics,1,55068.1,colombo,2025-12-15 16:43:14.594594596
O0959,C117,Headphones,Electronics,3,46118.03,Negombo,2025-12-16 00:00:00.000000000
O0960,C154,Headphones,Accessories,9,206514.88,galle,2025-12-16 10:12:36.756756756
O0961,C291,Keyboard,Electronics,2,71784.04,Colombo,2025-12-16 18:57:17.837837840
O0962,C063,Phone,Electronics,4,231817.38,Jaffna ,2025-12-17 03:41:58.918918920
O0963,C244,Headphones,Electronics,4,242496.67,KANDY,2025-12-17 12:26:40.000000000
O0964,C025,Headphones,Electronics,2,143029.49,Colombo,2025-12-17 21:11:21.081081080
O0965,C090,Mouse,Electronics,3,36178.78,Kandy,2025-12-18 05:56:02.162162164
O0966,C075,Mouse,Electronics,3,93949.79,colombo,2025-12-18 14:40:43.243243244
O0967,C294,Monitor,Electronics,-1,199534.2,Colombo,2025-12-18 23:25:24.324324324
O0968,C210,Tablet,Electronics,6,92163.99,colombo,2025-12-19 08:10:05.405405408
O0969,C017,Tablet,Electronics,8,22210.8,Jaffna ,2025-12-19 16:54:46.486486488
O0970,C128,Laptop,Electronics,3,139417.84,Colombo,2025-12-20 00:00:00.000000000
O0971,C251,Tablet,Electronics,5,211357.65,Kandy,2025-12-20 10:24:08.648648648
O0972,C179,Keyboard,Electronics,1,199083.63,Jaffna,2025-12-20 19:08:49.729729732
O0973,C182,Laptop,Electronics,10,44193.22,colombo,2025-12-21 03:53:30.810810812
O0974,C152,Monitor,Accessories,7,168354.77,Colombo,2025-12-21 12:38:11.891891892
O0975,C025,Mouse,Electronics,10,55515.81,Kandy,2025-12-21 21:22:52.972972972
O0976,C180,Tablet,Electronics,1,54942.78,Galle,2025-12-22 06:07:34.054054056
O0977,C198,Phone,Electronics,-1,218580.91,Colombo,2025-12-22 14:52:15.135135136
O0978,C161,Mouse,Electronics,8,62792.4,Negombo,2025-12-22 23:36:56.216216216
O0979,C177,Smart Watch,Accessories,7,66180.21,galle,2025-12-23 08:21:37.297297300
O0980,C285,Keyboard,Electronics,0,663.02,Kandy,2025-12-23 17:06:18.378378380
O0981,C063,Mouse,Accessories,7,217731.92,Jaffna,2025-12-24 01:50:59.459459460
O0982,C150,Keyboard,Accessories,5,198252.41,Kandy,2025-12-24 10:35:40.540540540
O0983,C154,Keyboard,Accessories,5,157018.57,Jaffna ,2025-12-24 19:20:21.621621624
O0984,C156,Keyboard,Electronics,5,187691.31,Colombo,2025-12-25 04:05:02.702702704
O0985,C049,Monitor,Electronics,1,38436.12,colombo,2025-12-25 12:49:43.783783784
O0986,C084,Keyboard,Electronics,8,114851.74,Colombo,2025-12-25 21:34:24.864864864
O0987,C177,Keyboard,Electronics,1,88129.24,Colombo,2025-12-26 06:19:05.945945948
O0988,C148,Smart Watch,Electronics,4,23897.24,Kandy,2025-12-26 15:03:47.027027028
O0989,C118,Phone,Accessories,9,121789.56,Jaffna ,2025-12-26 23:48:28.108108108
O0990,C063,Laptop,Electronics,9,230224.54,colombo,2025-12-27 08:33:09.189189192
O0991,C189,Headphones,Electronics,5,10494.75,colombo,2025-12-27 17:17:50.270270272
O0992,C049,Smart Watch,Electronics,4,73219.5,Colombo,2025-12-28 02:02:31.351351352
O0993,C257,Laptop,Electronics,3,52281.46,Negombo,2025-12-28 10:47:12.432432432
O0994,C224,Keyboard,Electronics,3,59917.59,galle,2025-12-28 19:31:53.513513516
O0995,C141,Phone,Electronics,5,227154.42,Jaffna ,2025-12-29 04:16:34.594594596
O0996,C215,Mouse,Electronics,10,117283.23,Negombo,2025-12-29 13:01:15.675675676
O0997,C211,Phone,Accessories,1,116841.7,KANDY,2025-12-29 21:45:56.756756756
O0998,C032,Smart Watch,Electronics,5,190263.62,KANDY,2025-12-30 06:30:37.837837840
O0999,C158,Keyboard,Electronics,6,39045.8,Colombo,2025-12-30 15:15:18.918918920
O1000,C285,Phone,Electronics,7,122072.71,Colombo,2025-12-31 00:00:00.000000000
O0522,C275,Phone,Electronics,9,191227.96,Jaffna,2025-07-09 20:00:43.243243244
O0738,C003,Smart Watch,Electronics,1,8902.26,Galle,2025-09-26 00:00:00.000000000
O0741,C239,Keyboard,Electronics,5,139555.62,Kandy,2025-09-27 15:06:40.000000000
O0661,C247,Keyboard,Electronics,7,17644.06,Kandy,2025-08-29 11:31:53.513513516
O0412,C258,Tablet,Electronics,7,19358.11,Jaffna ,2025-05-30 18:05:24.324324324
O0679,C111,Phone,Electronics,2,188060.87,Jaffna ,2025-09-05 00:56:12.972972972
O0627,C173,Phone,Electronics,2,134146.32,Jaffna ,2025-08-17 02:12:36.756756756
O0514,C165,Smart Watch,Electronics,10,111257.9,Jaffna,2025-07-06 22:03:14.594594596
O0860,C062,Phone,Electronics,5,243358.96,colombo,2025-11-09 23:44:08.648648648
O0137,C108,Smart Watch,Accessories,4,198389.15,colombo,2025-02-19 13:17:07.027027027
O0812,C118,Smart Watch,Accessories,5,174435.38,Jaffna ,2025-10-23 11:59:16.756756756
O0077,C129,Keyboard,Accessories,10,114769.94,Galle,2025-01-28 16:36:02.162162162
O0637,C162,Phone,Electronics,2,220698.69,Kandy,2025-08-20 00:00:00.000000000
O0974,C152,Monitor,Accessories,7,168354.77,Colombo,2025-12-21 12:38:11.891891892
O0939,C293,Monitor,Electronics,9,82394.16,Jaffna ,2025-12-08 18:34:14.054054056
