Age,Income,Purchase Amount,Website Visits,Time Spent,Customer Rating,Age Group
56,74376,6946,8,55,3.4,56-65
46,70587,16835,7,89,1.8,46-55
32,61976,21063,21,178,3.4,26-35
60,129587,16633,10,131,2.6,56-65
25,92584,2182,6,25,2.9,18-25
38,129537,6126,14,48,1.1,36-45
56,103477,7924,4,143,1.8,56-65
36,135911,13357,28,107,2.1,36-45
40,67533,12655,25,72,3.9,36-45
28,26828,17817,13,133,1.0,26-35
28,26917,20482,20,96,2.6,26-35
41,45618,11925,17,28,4.7,36-45
53,57254,2480,23,129,1.4,46-55
57,130292,16022,7,145,3.1,56-65
41,141714,19940,4,115,4.1,36-45
20,72362,9484,29,102,4.8,18-25
39,45128,17675,14,143,4.0,36-45
19,148781,16383,3,21,3.9,18-25
41,136281,5890,24,103,4.3,36-45
61,84383,23519,5,86,2.8,56-65
47,90545,19139,16,108,4.2,46-55
55,107180,20494,26,156,1.0,46-55
19,112958,2107,23,23,4.7,18-25
38,34865,22063,20,169,2.8,36-45
50,27219,7073,4,89,3.2,46-55
29,64809,17868,24,12,2.0,26-35
39,141748,6276,30,32,4.0,36-45
61,30287,4176,24,9,1.3,56-65
42,59387,3880,2,149,4.5,36-45
44,33512,9211,30,105,4.3,36-45
59,26342,9282,18,168,1.9,56-65
45,88076,17934,19,122,4.2,36-45
33,133872,14497,28,151,4.1,26-35
32,44216,20517,28,68,3.5,26-35
64,142512,6842,19,95,2.5,56-65
61,141682,17843,17,121,2.1,56-65
20,118070,6559,14,102,1.9,18-25
54,104767,9384,19,15,2.3,46-55
24,122829,6155,22,58,4.6,18-25
38,51614,12591,24,177,1.3,36-45
26,61258,21357,13,51,4.3,26-35
56,118789,19830,12,144,2.4,56-65
35,67078,15751,30,153,3.1,26-35
21,131288,24609,26,143,4.2,18-25
42,108524,1026,6,9,4.5,36-45
31,121573,3724,21,24,2.4,26-35
26,37219,15569,4,173,2.8,26-35
43,25235,12036,19,50,2.7,36-45
19,67929,14047,16,16,1.1,18-25
37,92444,18759,13,74,2.2,36-45
45,33567,2263,4,21,2.8,36-45
64,126834,9212,30,119,2.6,56-65
24,95792,6297,23,151,3.9,18-25
61,90441,9708,17,158,2.5,56-65
25,109555,23983,23,52,3.0,18-25
64,98698,5609,1,112,2.7,56-65
52,149450,23528,18,56,4.0,46-55
31,142248,17000,20,100,4.5,26-35
34,30415,2933,17,74,3.1,26-35
53,61159,22347,27,106,4.2,46-55
57,68925,17467,28,79,2.2,56-65
21,30951,20672,27,165,3.2,18-25
19,112388,4667,15,155,2.4,18-25
23,33007,18273,11,147,2.7,18-25
59,66832,8857,25,159,3.9,56-65
21,83596,6654,28,86,4.5,18-25
46,146101,22304,22,96,1.5,46-55
35,55523,9420,13,179,3.5,26-35
43,113861,18927,1,8,3.3,36-45
61,149194,21081,17,139,1.5,56-65
51,111740,20380,6,113,1.8,46-55
27,40524,17662,4,167,2.2,26-35
53,44282,713,20,52,1.7,46-55
31,48930,4262,16,77,2.0,26-35
48,25077,13899,15,76,2.1,46-55
65,130881,10268,27,120,2.3,56-65
32,45611,11140,15,177,4.0,26-35
25,41984,7231,6,85,3.3,18-25
31,39060,20001,15,85,4.9,26-35
40,107985,6291,14,117,2.7,36-45
57,109056,16322,28,100,4.0,56-65
38,68303,9283,11,76,4.5,36-45
33,84207,14121,7,151,3.7,26-35
62,100046,16519,9,67,2.6,56-65
35,54287,3220,26,42,4.0,26-35
64,118709,9405,16,71,1.8,56-65
41,64711,9627,5,73,2.3,36-45
43,36954,22931,25,17,3.2,36-45
42,98340,24916,20,179,3.3,36-45
62,97101,16885,29,35,1.1,56-65
58,96520,6868,10,118,4.8,56-65
46,112062,14556,18,26,3.8,46-55
32,127974,12736,3,97,3.0,26-35
62,43574,18833,13,175,4.7,56-65
18,34184,23616,11,71,2.8,18-25
42,44096,14951,17,58,4.9,36-45
24,92728,24717,30,142,3.0,18-25
26,59016,17801,30,46,1.5,26-35
41,36246,20058,22,68,4.1,36-45
18,70558,10933,13,130,3.7,18-25
61,143721,16025,6,25,4.1,56-65
25,43381,23898,17,173,4.8,18-25
41,61455,589,27,156,4.1,36-45
28,117263,18593,13,39,3.4,26-35
34,29018,10861,19,34,4.4,26-35
25,36302,16869,21,61,3.7,18-25
52,92506,3541,19,51,2.6,46-55
52,66157,605,10,167,4.5,46-55
50,79917,9578,3,23,1.9,46-55
22,117738,18779,14,118,3.9,18-25
59,121646,6590,26,12,4.5,56-65
56,108122,6582,19,30,3.9,56-65
58,49519,17518,5,117,3.8,56-65
45,121809,2425,29,75,4.0,36-45
24,112487,18940,5,34,2.9,18-25
26,81819,7417,20,139,4.5,26-35
25,105910,20028,17,71,1.8,18-25
29,145430,1052,21,69,1.5,26-35
51,96324,22267,10,40,2.1,46-55
50,30408,4411,5,29,3.1,46-55
65,84379,3889,4,41,3.0,56-65
40,50053,14129,6,5,4.3,36-45
41,34446,2930,26,147,2.6,36-45
54,25922,958,4,41,2.9,46-55
52,123723,13895,30,145,1.1,46-55
61,76356,707,7,140,2.6,56-65
57,35789,1399,7,137,3.6,56-65
39,122720,12153,18,132,1.1,36-45
44,91656,16905,3,131,2.1,36-45
52,69028,9101,1,5,1.8,46-55
18,89484,1394,24,168,1.2,18-25
52,57154,1014,25,39,2.9,46-55
54,107870,24178,4,108,1.7,46-55
64,27336,21788,6,27,4.0,56-65
31,128677,24751,9,13,4.4,26-35
20,92779,4609,22,38,3.2,18-25
18,44029,13758,14,178,4.9,18-25
22,84201,15813,28,132,2.8,18-25
43,57265,15849,12,8,3.1,36-45
31,127916,7679,28,162,5.0,26-35
56,137250,10826,25,106,1.9,56-65
44,141553,12287,20,79,4.8,36-45
26,68872,2060,24,103,1.2,26-35
32,71197,14112,25,76,2.8,26-35
32,80180,18150,4,7,1.3,26-35
43,48710,20522,21,146,3.9,36-45
59,54486,20311,30,177,3.4,56-65
30,96907,5280,24,38,3.8,26-35
49,96895,18811,12,49,2.5,46-55
56,89435,12394,10,65,2.5,56-65
49,65631,2856,30,87,1.2,46-55
21,126532,5290,22,127,2.4,18-25
47,45103,17190,28,106,4.7,46-55
54,89772,24863,7,20,2.5,46-55
40,39382,20549,3,70,4.3,36-45
56,109291,10681,23,172,4.4,56-65
62,126195,7557,28,149,2.5,56-65
32,28756,16582,14,123,3.5,26-35
60,45609,1161,24,166,1.4,56-65
46,139074,5144,10,128,1.4,46-55
53,41478,16211,16,148,1.2,46-55
30,125978,3420,16,106,3.3,26-35
49,64666,16502,22,70,2.7,46-55
24,100683,14525,10,17,3.2,18-25
39,124097,9446,25,115,3.1,36-45
45,149714,13232,13,163,2.4,36-45
19,125420,6736,6,38,3.7,18-25
59,96315,16809,12,43,4.0,56-65
62,102834,22962,9,140,1.1,56-65
23,39153,14018,13,124,1.8,18-25
45,134415,852,4,130,3.9,36-45
45,101325,7505,24,59,2.5,36-45
61,134701,14536,11,31,3.6,56-65
61,37999,17042,20,122,2.4,56-65
37,80318,1456,18,57,2.6,36-45
47,25814,2571,26,43,1.6,46-55
28,140033,9095,11,69,2.0,26-35
45,101077,15640,25,149,3.4,36-45
42,115474,13303,21,162,2.7,36-45
56,27443,3953,4,17,4.1,56-65
50,100993,7175,18,25,4.4,46-55
18,100916,1455,1,151,3.2,18-25
44,98319,6795,27,57,4.0,36-45
30,134777,16421,7,23,2.2,26-35
58,42368,18596,6,61,2.7,56-65
20,40328,15782,15,29,3.9,18-25
56,81942,5203,18,35,2.5,56-65
23,116751,7063,24,85,3.4,18-25
25,124131,22515,11,27,1.7,18-25
44,52306,12503,20,36,3.4,36-45
26,110451,11317,24,78,4.4,26-35
54,64915,11671,15,14,4.5,46-55
50,62219,13082,16,58,3.9,46-55
59,105879,12701,7,56,4.0,56-65
61,136939,18278,21,152,3.2,56-65
41,89644,12973,10,164,3.3,36-45
32,85279,9961,26,118,1.5,26-35
49,78028,21616,12,18,2.8,46-55
49,129263,20598,24,160,2.8,46-55
41,25126,16096,14,114,4.8,36-45
58,77329,1029,25,57,2.7,56-65
29,52632,19842,5,156,3.2,26-35
56,132099,24788,26,83,3.1,56-65
19,90310,20475,21,26,3.5,18-25
20,134945,23779,18,34,4.0,18-25
54,80176,13265,5,8,1.9,46-55
34,144797,14410,3,63,3.1,26-35
19,111066,12061,23,12,4.3,18-25
19,130500,9631,26,16,2.9,18-25
45,69327,1025,5,123,2.1,36-45
40,93904,23361,24,163,3.6,36-45
54,28797,16885,17,38,4.3,46-55
49,72882,874,19,86,1.3,46-55
50,38718,12697,19,102,4.1,46-55
18,59560,5148,25,131,4.3,18-25
36,101589,2865,21,79,2.8,36-45
19,47116,18409,12,109,4.9,18-25
61,61244,2146,25,53,4.1,56-65
43,126721,513,29,83,4.1,36-45
49,26645,5099,9,97,4.0,46-55
23,72523,2778,1,158,1.6,18-25
49,149085,14796,18,22,1.9,46-55
21,142718,3655,21,100,2.9,18-25
28,44256,8821,4,42,2.1,26-35
34,126376,4314,10,91,2.7,26-35
55,125158,13625,25,92,4.6,46-55
41,78173,3716,7,54,4.3,36-45
22,62430,2613,22,12,3.5,18-25
51,64282,21240,23,173,4.4,46-55
23,144719,10738,1,138,4.1,18-25
39,88374,14260,17,73,2.7,36-45
28,93244,22427,24,176,1.8,26-35
65,36694,21439,29,125,3.1,56-65
33,81264,13088,29,68,3.9,26-35
50,100060,23946,2,161,2.7,46-55
26,122416,3874,28,160,3.7,26-35
23,82545,6930,26,143,1.4,18-25
33,143195,20350,11,125,4.0,26-35
46,64224,19965,9,69,4.3,46-55
20,127516,12470,7,111,3.8,18-25
37,122945,1129,22,151,4.9,36-45
53,38224,17153,17,141,4.3,46-55
36,65738,11331,17,159,4.6,36-45
43,50150,6224,2,166,4.7,36-45
20,88731,22781,6,176,4.2,18-25
36,74688,11583,14,104,3.7,36-45
37,124929,13649,6,86,1.0,36-45
49,133618,20316,2,147,2.9,46-55
24,98509,9972,1,55,3.3,18-25
58,33577,6776,10,145,2.2,56-65
50,33070,16135,21,87,2.3,46-55
57,33666,6395,5,116,4.8,56-65
56,82761,14494,2,60,4.6,56-65
35,146178,23999,22,169,4.4,26-35
57,61368,23540,16,149,2.6,56-65
18,31783,11052,25,161,1.1,18-25
28,136530,17459,2,165,1.3,26-35
45,66914,23913,10,64,2.2,36-45
42,95507,6599,2,124,1.1,36-45
40,104026,9999,16,142,1.1,36-45
48,140893,20076,16,179,4.7,46-55
47,136255,3678,19,27,3.8,46-55
59,135616,22936,29,153,2.2,56-65
52,92526,19618,7,17,1.5,46-55
24,95835,6616,22,105,3.0,18-25
33,70765,16063,12,165,1.0,26-35
43,44956,4068,24,28,4.8,36-45
65,112895,10347,15,112,2.7,56-65
19,71240,14635,8,15,2.6,18-25
18,146008,19087,6,21,2.6,18-25
65,62148,18274,28,179,1.3,56-65
29,119270,2242,27,29,3.6,26-35
22,29757,18809,10,98,3.9,18-25
54,44097,1119,3,25,3.7,46-55
49,35395,18158,19,88,1.6,46-55
26,41241,17840,17,144,3.3,26-35
58,128892,2439,7,41,3.3,56-65
52,52696,20837,21,46,4.5,46-55
36,140654,16501,20,149,2.5,36-45
65,95480,1468,26,105,2.5,56-65
33,71163,15346,4,52,3.5,26-35
20,44816,781,14,107,3.5,18-25
37,74840,15860,20,32,2.9,36-45
41,127547,6762,22,45,2.8,36-45
50,77853,1558,15,103,3.0,46-55
41,49917,21177,24,51,4.4,36-45
28,121731,11224,8,150,2.8,26-35
25,46566,5678,21,109,4.8,18-25
53,100452,7480,15,128,3.0,46-55
55,87823,9700,22,17,4.8,46-55
57,146392,1729,20,145,4.3,56-65
37,45806,21469,28,104,2.4,36-45
52,100520,8967,14,35,4.5,46-55
65,26759,19624,27,134,1.4,56-65
42,66949,2789,29,20,4.7,36-45
52,117374,1739,9,141,3.5,46-55
42,27482,5870,8,77,1.2,36-45
46,49442,16670,26,170,3.6,46-55
35,58719,625,28,58,4.9,26-35
63,83066,13004,26,104,1.3,56-65
35,118501,24357,17,113,3.2,26-35
19,27079,15898,2,91,4.0,18-25
52,27717,22226,25,177,4.2,46-55
33,84676,24235,24,166,2.7,26-35
58,52952,7138,30,141,1.8,56-65
53,111444,7070,3,12,1.2,46-55
50,67460,3749,8,11,3.3,46-55
21,115397,9610,12,40,2.8,18-25
50,97847,8095,1,22,4.8,46-55
31,118607,14105,10,7,1.2,26-35
38,114106,12615,20,32,3.7,36-45
65,43449,6794,3,74,1.1,56-65
37,58536,23411,6,176,1.7,36-45
25,89077,6257,7,153,2.8,18-25
24,63258,13095,20,32,2.8,18-25
20,73302,2469,23,58,3.7,18-25
34,53865,11485,25,69,4.6,26-35
50,31645,17775,27,104,3.6,46-55
65,144771,4970,18,25,4.8,56-65
29,63000,24059,11,17,4.5,26-35
39,51737,10725,19,61,3.3,36-45
39,36485,10056,5,53,4.3,36-45
63,63565,9706,19,122,3.6,56-65
47,50522,10491,11,58,1.3,46-55
55,144614,23696,24,142,4.0,46-55
55,90155,8019,12,57,1.4,46-55
62,80168,14169,10,48,3.4,56-65
25,77487,5112,8,51,3.8,18-25
44,37342,12873,24,57,1.3,36-45
44,65806,18082,28,78,1.9,36-45
51,73770,16052,28,50,4.7,46-55
38,103623,15146,9,17,3.5,36-45
47,128177,5738,4,169,2.0,46-55
50,124785,16077,5,106,3.8,46-55
45,100629,22973,21,28,3.4,36-45
64,145993,23141,8,6,3.0,56-65
50,77603,16004,23,85,4.9,46-55
22,137726,24589,9,104,3.7,18-25
65,106974,4219,15,146,2.5,56-65
36,130947,802,15,142,4.2,36-45
21,51399,12644,16,167,4.5,18-25
52,110382,17870,14,157,1.5,46-55
34,106244,10555,8,135,1.8,26-35
61,134575,4940,18,115,1.9,56-65
45,140520,21793,10,106,3.8,36-45
47,135904,3572,28,21,3.4,46-55
46,101534,14098,20,16,3.5,46-55
63,80106,14787,6,120,4.8,56-65
23,137599,14465,12,28,4.1,18-25
52,55678,20008,2,33,1.5,46-55
58,101218,10019,7,175,2.4,56-65
54,88230,13880,16,157,2.7,46-55
41,139684,12365,3,126,2.6,36-45
46,99055,8625,13,94,3.7,46-55
63,81373,3791,3,69,4.6,56-65
48,56480,4533,27,88,2.2,46-55
52,110230,5605,18,123,3.2,46-55
50,93836,17587,11,160,4.2,46-55
38,97258,8633,8,20,2.7,36-45
49,64986,17458,6,179,1.7,46-55
40,49160,6204,1,108,2.9,36-45
50,110595,8348,28,96,1.2,46-55
20,126358,22092,1,31,4.8,18-25
35,104111,13475,23,174,1.3,26-35
42,89929,7424,8,179,2.8,36-45
59,98506,20712,5,166,3.1,56-65
48,59911,20114,28,169,4.9,46-55
20,112127,988,16,138,1.7,18-25
57,56821,7614,11,139,1.5,56-65
63,100039,16240,5,157,1.0,56-65
41,85535,3673,4,37,1.6,36-45
49,138453,2167,30,59,1.8,46-55
64,109458,4614,6,11,3.5,56-65
39,37175,4053,14,61,1.9,36-45
40,144235,8261,22,130,1.1,36-45
19,79771,1500,19,16,4.3,18-25
44,131660,16138,9,20,2.5,36-45
59,146300,18272,12,47,2.4,56-65
19,111925,5950,11,121,2.2,18-25
43,138374,4212,14,139,4.9,36-45
34,91358,1867,23,115,1.7,26-35
57,42327,8689,16,55,4.6,56-65
50,72057,9513,1,164,4.1,46-55
26,31150,17338,13,79,1.3,26-35
60,29425,19656,23,12,4.9,56-65
65,148654,4226,21,49,2.1,56-65
56,41032,24116,21,63,1.4,56-65
46,27198,5306,30,136,4.3,46-55
59,85500,2690,13,108,3.8,56-65
43,78394,9608,2,161,3.5,36-45
52,45079,12678,4,161,1.6,46-55
42,61220,3375,28,102,2.9,36-45
41,66874,6092,6,160,4.1,36-45
30,38859,18324,26,83,2.2,26-35
24,75460,13092,27,128,2.2,18-25
53,56419,9427,23,176,1.0,46-55
62,143865,22943,27,8,1.7,56-65
37,33705,14937,5,94,4.5,36-45
18,67880,12030,25,108,2.8,18-25
25,48236,7510,3,141,4.9,18-25
63,112955,11707,1,123,2.6,56-65
33,110514,24001,4,137,3.9,26-35
31,128145,3489,25,60,2.1,26-35
29,40358,12540,20,100,2.5,26-35
40,124713,9718,2,79,1.8,36-45
32,119914,23112,26,147,2.4,26-35
45,127870,6971,30,36,3.2,36-45
51,101918,3363,30,32,5.0,46-55
19,144179,11193,5,26,3.7,18-25
49,141243,1677,3,21,1.8,46-55
40,39596,5260,29,63,1.2,36-45
39,58572,511,28,94,1.5,36-45
42,103757,22136,29,110,3.3,36-45
39,26279,16853,9,30,4.1,36-45
39,88197,21283,20,29,4.8,36-45
59,136496,12056,6,142,1.1,56-65
23,87516,12063,18,49,3.1,18-25
32,32083,14551,6,87,2.9,26-35
60,145674,11522,19,15,3.6,56-65
54,145307,8734,28,108,3.2,46-55
50,134397,22329,12,72,3.7,46-55
25,42771,16673,25,99,3.6,18-25
61,54975,13678,11,160,1.5,56-65
61,70648,7070,2,69,4.2,56-65
22,73285,906,15,53,1.5,18-25
56,44063,9706,12,179,3.8,56-65
21,92642,4931,12,56,2.7,18-25
23,115093,22127,9,106,3.1,18-25
62,139390,7042,21,61,4.6,56-65
49,111143,23820,24,51,4.6,46-55
47,62599,9406,2,163,4.3,46-55
64,76920,4646,22,178,3.0,56-65
52,53529,12546,3,30,3.9,46-55
57,60954,13111,12,118,3.1,56-65
33,52856,13576,28,9,4.5,26-35
30,27573,17024,30,88,2.6,26-35
59,103344,5382,26,56,4.9,56-65
47,60367,14613,16,109,4.7,46-55
36,127337,14145,21,58,4.0,36-45
34,131732,6512,28,165,2.1,26-35
36,124608,17847,24,170,1.5,36-45
45,85774,7651,26,159,4.4,36-45
43,48752,4110,30,19,1.7,36-45
54,80029,10384,1,65,4.4,46-55
43,42685,7394,21,126,3.0,36-45
40,76693,13967,3,25,2.6,36-45
26,141739,24195,20,50,4.6,26-35
29,80961,16989,2,138,3.4,26-35
18,131937,22423,9,42,3.3,18-25
18,149956,10373,19,66,3.2,18-25
64,101908,12789,15,90,2.5,56-65
51,99532,12708,18,82,4.1,46-55
49,106994,11328,26,50,2.0,46-55
65,81133,23671,11,145,4.8,56-65
42,122425,2637,25,7,4.6,36-45
57,86268,21329,23,10,2.3,56-65
62,117201,20414,16,97,3.9,56-65
18,63243,1786,22,12,3.3,18-25
33,82384,16210,17,176,2.4,26-35
56,56653,11871,5,112,5.0,56-65
22,51657,16445,12,165,1.1,18-25
39,64952,7552,11,79,2.0,36-45
46,47180,4154,30,81,3.1,46-55
20,122432,23986,15,54,3.1,18-25
29,146829,19243,27,15,3.4,26-35
43,103411,16100,3,99,4.0,36-45
33,26622,24989,1,160,3.5,26-35
54,73756,9136,20,74,3.4,46-55
39,65809,6941,29,173,1.2,36-45
46,41725,21931,16,20,2.5,46-55
31,86396,22087,2,72,1.9,26-35
45,76226,10167,2,103,2.1,36-45
22,131296,12649,3,52,3.2,18-25
64,106182,2298,8,68,1.8,56-65
47,107565,10100,24,94,2.2,46-55
63,54402,22175,28,80,1.9,56-65
22,29263,5995,15,143,4.8,18-25
29,148489,10400,7,105,4.8,26-35
33,121523,14173,6,93,3.4,26-35
43,71828,11630,9,22,4.7,36-45
43,145824,23168,20,23,4.1,36-45
65,72924,15722,28,59,3.4,56-65
38,99182,24169,1,106,1.0,36-45
56,118065,1800,8,122,4.1,56-65
53,84052,23753,23,158,3.8,46-55
50,36664,9935,23,138,3.5,46-55
47,60737,19981,3,8,4.0,46-55
54,126332,5116,4,112,3.1,46-55
40,114563,16893,26,119,3.8,36-45
27,54373,11117,25,33,4.7,26-35
22,142369,6252,15,63,2.5,18-25
53,61397,10352,6,129,3.8,46-55
51,111145,6795,15,102,2.9,46-55
48,126371,21699,21,21,3.7,46-55
27,63709,17956,3,111,4.1,26-35
36,141074,3725,25,47,1.2,36-45
49,86120,1816,21,84,3.6,46-55
18,44250,22583,21,166,1.9,18-25
22,46172,12837,14,12,3.7,18-25
62,36555,7307,20,145,2.9,56-65
21,112410,23558,14,110,4.1,18-25
33,103617,4183,4,12,1.5,26-35
41,78276,7727,12,100,3.5,36-45
33,82492,3773,17,98,2.1,26-35
19,78002,23884,7,69,4.4,18-25
45,145103,645,9,175,4.7,36-45
49,149938,5510,3,43,5.0,46-55
44,114599,16535,28,85,4.2,36-45
37,97355,3540,13,88,4.0,36-45
41,116248,10154,15,92,1.9,36-45
29,49762,17366,18,90,2.3,26-35
52,36046,20063,19,97,2.9,46-55
50,121999,18133,1,90,4.1,46-55
50,149130,17514,6,48,4.7,46-55
60,141021,15496,27,141,1.8,56-65
54,53769,16836,27,169,4.7,46-55
29,78302,9353,23,78,3.8,26-35
20,48150,12195,27,40,3.4,18-25
18,93247,3352,27,105,1.8,18-25
50,29853,16514,2,160,1.2,46-55
57,119613,1487,24,174,3.3,56-65
27,145900,8122,14,175,3.6,26-35
60,114399,24211,6,174,1.8,56-65
61,46792,9660,14,108,3.2,56-65
46,84129,17984,4,70,4.4,46-55
30,131019,7152,21,59,4.3,26-35
29,99478,7921,8,180,4.7,26-35
48,138811,21900,30,95,2.5,46-55
63,139130,1269,3,26,2.3,56-65
19,92298,18227,19,105,4.0,18-25
52,56987,14614,30,159,2.7,46-55
40,40850,4858,14,125,1.4,36-45
34,37112,23664,27,97,2.1,26-35
43,146789,23486,20,112,2.7,36-45
25,49058,12043,17,145,2.2,18-25
46,70420,19233,25,177,2.3,46-55
43,63890,6199,8,14,2.2,36-45
27,91017,18125,24,13,1.2,26-35
43,72304,1625,14,159,3.5,36-45
51,57921,11293,26,38,3.4,46-55
58,130921,7264,6,133,3.6,56-65
24,26524,21985,23,164,1.8,18-25
21,125424,12823,22,93,2.2,18-25
62,40048,13531,16,97,3.5,56-65
28,60111,14552,25,75,3.4,26-35
46,62904,13140,19,71,3.0,46-55
53,79912,8343,14,152,2.4,46-55
42,59008,14710,19,121,4.7,36-45
38,25060,16956,3,98,2.4,36-45
53,99666,22356,10,167,2.8,46-55
27,108559,10606,19,103,3.7,26-35
54,80337,5689,9,117,3.2,46-55
26,135616,2972,28,107,2.4,26-35
41,38350,17591,20,95,2.7,36-45
52,49354,18688,13,94,4.2,46-55
52,70186,7204,7,21,2.1,46-55
65,53145,4213,14,22,1.6,56-65
53,59020,5551,9,177,2.3,46-55
35,111123,11256,27,120,4.4,26-35
56,131667,2975,28,97,1.4,56-65
49,100186,4110,23,95,5.0,46-55
41,110469,4755,25,86,3.2,36-45
40,45581,14984,28,72,4.9,36-45
49,113929,24281,19,118,4.8,46-55
54,48051,2235,15,5,2.8,46-55
29,76474,8758,20,62,1.8,26-35
30,116748,8479,14,158,1.7,26-35
40,139618,2928,24,113,2.0,36-45
42,94626,12845,6,152,3.8,36-45
52,31960,7926,21,120,2.1,46-55
58,60772,9033,29,91,2.4,56-65
47,46520,5749,4,14,2.8,46-55
34,74481,22175,8,63,4.7,26-35
37,61408,19701,17,45,1.8,36-45
65,119006,20758,30,109,1.0,56-65
42,82134,10186,9,137,1.2,36-45
39,45491,14609,1,126,4.6,36-45
30,26341,21095,24,149,3.6,26-35
36,69623,1161,20,26,2.1,36-45
53,115327,12575,25,102,1.7,46-55
29,25338,15288,14,173,2.2,26-35
58,96431,10560,11,72,1.5,56-65
36,37254,16336,21,143,4.8,36-45
29,76860,11026,3,60,4.1,26-35
26,36344,3874,9,153,2.8,26-35
24,26750,707,27,103,4.5,18-25
45,79756,3165,14,80,2.0,36-45
31,92957,19377,30,30,3.9,26-35
48,130423,23697,9,119,4.4,46-55
36,83053,1132,4,151,2.4,36-45
64,95855,3583,27,113,4.0,56-65
33,40896,14211,4,51,2.2,26-35
22,80761,10623,28,75,2.2,18-25
52,87552,20603,8,158,1.4,46-55
29,145075,7623,2,44,2.8,26-35
42,102454,11254,9,137,3.9,36-45
38,143681,2179,29,153,4.8,36-45
53,115600,16401,14,136,3.4,46-55
40,147732,736,22,27,4.5,36-45
33,137153,7946,9,110,4.3,26-35
56,147926,4943,24,88,1.7,56-65
62,52935,23654,23,147,2.9,56-65
59,62641,15963,16,120,1.5,56-65
56,54711,22983,29,113,3.7,56-65
31,95342,9055,30,140,4.8,26-35
48,131896,19252,17,45,1.5,46-55
22,37182,17169,16,116,3.9,18-25
52,112833,648,30,151,3.5,46-55
40,81276,13895,12,116,3.3,36-45
46,44541,20921,3,107,2.6,46-55
60,119457,23433,11,50,2.4,56-65
28,107310,24005,14,160,1.2,26-35
35,69813,5395,18,72,1.9,26-35
64,62198,22164,21,126,1.1,56-65
29,33820,17896,21,19,3.3,26-35
26,49070,11523,5,169,1.4,26-35
27,94768,11199,16,133,4.5,26-35
61,36122,10215,20,115,3.1,56-65
34,105559,19669,5,28,3.8,26-35
55,98543,20609,3,31,2.6,46-55
24,108441,16663,12,44,3.2,18-25
63,66786,21460,1,168,4.8,56-65
30,119934,6282,21,28,1.3,26-35
57,124804,23141,29,28,2.0,56-65
59,31737,19292,9,8,4.1,56-65
26,61062,17224,29,71,1.4,26-35
44,79237,3317,9,38,1.3,36-45
19,76571,15596,4,120,2.4,18-25
22,50510,19380,3,27,1.4,18-25
46,44426,22846,17,113,3.3,46-55
54,62265,5799,2,73,1.9,46-55
55,42850,10417,24,99,4.6,46-55
36,143249,24458,1,66,4.1,36-45
25,91150,18573,8,173,3.8,18-25
65,112312,3767,13,61,3.5,56-65
62,114613,4906,23,58,4.5,56-65
18,99910,18326,15,74,1.9,18-25
39,77375,10882,8,105,4.5,36-45
34,146826,4937,12,61,4.2,26-35
24,60435,5935,22,142,4.0,18-25
42,121443,4607,12,172,3.2,36-45
62,82132,1060,14,139,2.0,56-65
21,103945,12829,15,107,2.7,18-25
53,107050,22432,15,170,4.2,46-55
23,120402,2326,9,89,1.1,18-25
48,27983,11921,19,65,4.1,46-55
36,122241,12765,26,7,2.0,36-45
61,45662,8129,20,132,1.6,56-65
56,48510,8825,29,90,1.5,56-65
44,103187,20022,22,51,1.1,36-45
27,65998,8193,8,80,3.1,26-35
43,81846,8764,21,42,1.9,36-45
36,119071,13186,19,168,5.0,36-45
56,31640,14216,6,173,3.3,56-65
20,69547,24726,20,145,1.6,18-25
62,79620,7221,25,91,3.8,56-65
30,40317,23886,29,62,4.6,26-35
45,140608,21109,19,54,4.0,36-45
37,32564,19862,4,34,1.3,36-45
45,52345,7873,23,105,4.6,36-45
25,138824,6407,7,29,4.2,18-25
58,119223,22981,28,116,1.6,56-65
56,148372,16627,28,159,1.2,56-65
18,104273,6156,4,130,3.2,18-25
20,99859,9484,22,127,1.6,18-25
30,105765,21143,12,51,4.3,26-35
45,135017,8786,13,122,2.4,36-45
42,99038,6401,3,43,4.7,36-45
50,148618,5417,22,20,3.3,46-55
55,77393,8929,12,26,1.7,46-55
23,91081,15216,2,58,1.6,18-25
61,127650,16295,24,153,3.3,56-65
62,54430,11638,2,20,4.0,56-65
49,100532,3030,27,63,4.1,46-55
62,52788,18844,23,35,2.1,56-65
64,120505,23929,9,174,1.8,56-65
38,73543,17932,1,36,1.1,36-45
33,38919,6272,8,166,3.7,26-35
38,94346,15976,23,13,1.3,36-45
28,121122,19413,6,143,2.7,26-35
54,64974,16251,6,14,3.4,46-55
53,132309,3464,22,21,4.7,46-55
52,41371,7637,25,72,2.2,46-55
36,70084,17847,18,52,2.0,36-45
37,54629,17420,17,115,3.6,36-45
35,76184,14391,29,157,3.5,26-35
64,86916,7840,12,127,2.3,56-65
58,98972,24063,6,153,4.7,56-65
31,87187,8467,26,105,4.4,26-35
32,37984,12915,27,106,1.9,26-35
48,58039,12371,8,69,2.0,46-55
18,110431,12416,19,55,3.0,18-25
20,108691,9234,28,40,4.1,18-25
33,83606,1345,10,85,1.2,26-35
40,35616,22661,1,131,3.8,36-45
28,127665,19920,25,92,3.6,26-35
29,130373,22831,29,108,1.9,26-35
27,75072,2994,13,19,3.7,26-35
49,49574,13177,17,100,4.8,46-55
33,28430,19603,3,171,1.2,26-35
25,144123,18768,8,127,2.3,18-25
55,37676,12830,14,5,2.8,46-55
29,35816,21233,3,155,4.6,26-35
41,57733,5679,16,126,4.8,36-45
45,110680,7110,13,171,2.8,36-45
25,27050,6930,20,130,4.0,18-25
45,134996,7654,24,61,3.1,36-45
53,58933,14328,17,85,3.2,46-55
43,49951,10645,13,166,2.1,36-45
25,57413,6988,29,173,1.9,18-25
45,59801,21621,6,77,2.2,36-45
45,80619,23409,17,145,3.2,36-45
54,57913,4350,14,74,1.1,46-55
58,137573,17573,17,10,4.6,56-65
53,144076,14064,30,88,1.6,46-55
44,65600,22059,8,56,1.9,36-45
34,82775,5578,11,7,3.1,26-35
26,115816,12668,20,85,3.8,26-35
50,115093,5948,28,67,1.4,46-55
37,137590,18063,1,53,2.3,36-45
30,60400,9574,26,80,4.9,26-35
45,29494,6906,7,116,2.0,36-45
65,105688,23791,21,179,2.3,56-65
46,147744,9300,21,113,4.3,46-55
30,114431,14583,17,69,1.2,26-35
63,99691,2138,30,85,2.9,56-65
52,122419,22555,10,19,2.5,46-55
23,133730,23812,11,104,2.3,18-25
35,68001,10840,22,36,2.1,26-35
22,92364,1882,30,100,1.4,18-25
64,149988,1903,9,132,2.3,56-65
42,70028,9511,9,150,1.2,36-45
19,132434,3792,24,117,4.1,18-25
27,122659,9511,5,87,2.6,26-35
47,62573,919,17,47,2.8,46-55
62,25806,12911,9,120,4.6,56-65
22,149343,5017,17,167,3.6,18-25
50,81638,20186,24,82,1.0,46-55
18,131506,24741,21,62,4.8,18-25
35,54757,15922,19,37,1.9,26-35
49,59636,10200,27,18,1.4,46-55
64,105097,24754,7,166,4.1,56-65
28,73280,6193,23,136,3.0,26-35
38,49262,1267,9,63,2.7,36-45
43,105435,18928,7,161,2.0,36-45
42,87211,15318,13,87,3.2,36-45
39,79842,2049,11,138,2.1,36-45
44,81979,10456,14,125,4.6,36-45
30,139524,6640,19,172,1.9,26-35
50,106470,11337,11,87,4.5,46-55
51,63197,4216,13,31,3.2,46-55
58,66844,4981,14,84,4.3,56-65
52,89754,24782,13,138,3.9,46-55
18,126868,7048,1,17,3.8,18-25
38,59157,19177,8,68,2.3,36-45
65,102129,5337,12,151,1.9,56-65
23,65042,8258,19,84,1.8,18-25
45,86665,11400,12,127,4.4,36-45
34,140512,23677,8,47,4.3,26-35
22,141953,24522,8,93,2.8,18-25
48,107856,8493,29,152,1.5,46-55
22,52376,22891,21,99,2.5,18-25
55,134049,6042,13,176,3.5,46-55
20,80554,23240,12,155,2.8,18-25
40,39199,15328,29,6,4.1,36-45
54,143533,24264,16,124,5.0,46-55
54,106412,16552,1,26,1.8,46-55
27,75948,2885,13,119,2.8,26-35
27,98781,14808,26,61,2.7,26-35
36,97750,21152,7,76,2.2,36-45
34,91262,1171,28,11,1.8,26-35
38,142424,663,26,123,1.3,36-45
31,71600,9156,5,118,4.5,26-35
26,101898,11734,8,20,2.7,26-35
63,87483,21476,25,87,3.0,56-65
18,43297,5295,27,76,4.7,18-25
62,55448,11134,14,128,4.1,56-65
30,51172,5298,23,117,1.5,26-35
21,67874,22920,30,16,3.3,18-25
18,32657,19239,13,130,2.8,18-25
57,109386,22771,15,57,4.2,56-65
49,50425,24845,23,79,3.9,46-55
51,51685,11249,17,137,3.8,46-55
45,147000,6327,15,31,2.4,36-45
48,137855,5219,20,144,4.2,46-55
25,49578,1093,18,149,1.2,18-25
56,53831,21723,18,138,1.6,56-65
43,32906,7894,2,101,2.3,36-45
51,86413,14556,4,9,1.3,46-55
20,79028,20377,30,61,1.9,18-25
29,32287,23048,1,160,4.3,26-35
18,58660,11136,4,82,4.8,18-25
61,100758,19556,18,73,2.2,56-65
22,85504,21084,5,122,2.1,18-25
47,84720,516,19,124,2.1,46-55
47,127979,3691,15,63,2.1,46-55
34,59701,892,28,37,1.1,26-35
65,108300,6772,8,66,4.7,56-65
64,135177,17455,20,54,1.9,56-65
40,42674,4131,17,116,2.7,36-45
32,108560,6672,1,23,1.0,26-35
54,136543,9812,12,127,4.4,46-55
38,48874,24061,26,51,3.9,36-45
31,68642,20781,19,171,4.8,26-35
19,148867,19163,15,37,4.1,18-25
28,122820,24335,9,145,2.3,26-35
56,90160,9406,7,88,2.0,56-65
55,42602,17659,2,139,3.8,46-55
51,128320,23753,29,83,2.5,46-55
55,113801,19131,9,18,3.3,46-55
51,50931,23972,10,151,1.0,46-55
35,119377,16962,2,132,1.2,26-35
47,54192,8580,19,58,3.1,46-55
32,71542,7599,11,152,3.3,26-35
44,67520,20810,13,33,4.0,36-45
51,89772,24224,10,28,1.5,46-55
55,83762,15416,14,86,3.1,46-55
50,75106,7583,18,67,1.8,46-55
41,106121,23114,19,109,1.4,36-45
32,50559,9723,22,61,2.6,26-35
47,130595,5440,9,140,1.7,46-55
59,58742,20155,25,66,1.9,56-65
34,94669,3956,7,161,2.3,26-35
22,105199,8288,28,21,2.0,18-25
46,46754,24534,3,70,1.4,46-55
21,28972,3211,20,10,1.4,18-25
27,95831,11780,6,62,1.8,26-35
34,137217,18552,27,73,1.2,26-35
27,66873,17031,21,160,3.5,26-35
34,119661,23304,2,66,2.1,26-35
37,131532,12589,29,173,2.1,36-45
41,34903,10642,6,86,2.3,36-45
22,28020,17249,3,173,3.7,18-25
51,66755,16087,16,75,4.5,46-55
23,110956,10366,30,135,4.0,18-25
19,111988,5031,8,14,3.9,18-25
30,70648,13186,2,102,2.9,26-35
60,128537,5830,17,93,3.8,56-65
60,34516,6010,9,39,3.2,56-65
65,137863,9464,30,6,1.9,56-65
28,140005,6993,12,128,1.8,26-35
64,27396,11259,3,28,2.2,56-65
40,109082,5939,11,78,4.6,36-45
33,44129,14973,1,170,3.2,26-35
48,26591,10265,23,26,3.9,46-55
28,36303,13779,13,158,2.4,26-35
33,55561,7011,15,175,2.6,26-35
25,96719,11983,26,43,1.5,18-25
21,143618,24388,5,161,1.7,18-25
57,117108,18130,21,24,4.3,56-65
21,124616,20723,30,45,3.3,18-25
42,149165,2876,17,152,2.4,36-45
20,111231,19893,25,112,4.2,18-25
49,32314,12324,23,151,2.0,46-55
20,142071,18711,24,88,4.9,18-25
44,44623,7479,25,115,2.4,36-45
46,92675,10332,6,70,2.3,46-55
49,137992,13004,28,162,2.2,46-55
36,121826,21169,21,57,1.5,36-45
38,90082,7410,22,38,1.4,36-45
22,108624,14589,11,154,3.6,18-25
35,130228,2696,18,71,4.5,26-35
45,58130,20631,4,138,4.2,36-45
59,76756,6478,3,31,1.6,56-65
39,122624,22491,13,14,3.2,36-45
38,51292,17653,23,77,1.4,36-45
23,136785,1280,9,100,1.2,18-25
18,111206,10408,21,52,3.6,18-25
22,94274,6803,6,74,3.1,18-25
58,27469,15186,26,104,1.3,56-65
29,78947,4483,30,63,1.1,26-35
43,47534,10003,28,6,5.0,36-45
63,88620,17405,12,161,1.1,56-65
51,73874,13570,2,69,2.8,46-55
31,74708,24453,3,87,3.0,26-35
43,99553,12732,3,158,1.5,36-45
62,93344,22668,28,14,1.7,56-65
44,74138,5083,12,57,2.4,36-45
26,79302,6446,15,83,4.0,26-35
43,72638,21825,9,63,3.0,36-45
64,103249,23151,23,154,3.6,56-65
39,130865,16877,8,52,4.9,36-45
64,27719,7628,11,153,4.1,56-65
47,47890,12389,16,127,2.7,46-55
60,102236,12775,26,26,2.8,56-65
65,61509,2961,27,104,3.5,56-65
34,67534,14791,25,102,3.7,26-35
43,127302,14536,22,162,3.0,36-45
53,117241,11935,4,29,3.6,46-55
18,43787,1185,28,32,1.1,18-25
25,73845,19044,1,117,2.7,18-25
52,82932,23915,24,49,2.1,46-55
32,117124,12758,7,72,1.5,26-35
64,116659,22225,2,11,1.4,56-65
39,58062,16490,24,53,3.4,36-45
31,100713,16922,28,141,3.1,26-35
43,112263,11236,5,168,2.0,36-45
45,120756,5375,7,87,2.9,36-45
40,85461,18140,4,133,3.0,36-45
31,100418,11682,5,142,1.8,26-35
41,91672,24581,24,168,3.6,36-45
19,59832,2696,1,77,4.1,18-25
62,56966,7665,1,50,4.2,56-65
43,97545,16497,15,110,3.4,36-45
31,37987,14715,20,164,3.0,26-35
24,62311,801,19,36,1.2,18-25
20,56575,24411,29,10,2.2,18-25
64,88852,23265,10,180,1.4,56-65
40,26007,17530,28,170,4.9,36-45
63,95981,15071,18,149,1.5,56-65
60,101242,10451,28,78,1.6,56-65
64,72517,21214,3,118,4.6,56-65
62,135022,11273,11,31,4.8,56-65
35,54257,23887,15,58,4.1,26-35
55,112272,16640,27,167,1.0,46-55
52,67207,20421,30,89,1.0,46-55
32,38281,13557,11,131,2.5,26-35
42,86246,13000,17,157,1.6,36-45
54,26435,21442,17,160,1.1,46-55
45,123875,23463,6,115,2.9,36-45
27,125686,16421,5,19,4.8,26-35
56,116357,12370,8,136,2.3,56-65
34,51660,4582,2,97,3.6,26-35
56,30084,14218,16,127,3.6,56-65
39,107197,21067,20,77,2.0,36-45
43,38507,11017,24,159,3.6,36-45
61,97595,4254,12,158,1.8,56-65
42,108807,2224,6,151,1.5,36-45
34,70539,1876,1,96,3.8,26-35
30,140953,9206,4,21,1.5,26-35
37,32491,9394,17,47,5.0,36-45
42,137831,18537,13,125,1.7,36-45
21,75192,18950,18,45,3.4,18-25
27,105395,16906,5,174,2.6,26-35
20,148797,19344,30,172,1.5,18-25
58,88888,6426,24,43,1.1,56-65
62,98609,6751,24,117,3.5,56-65
35,34077,9996,27,155,4.2,26-35
64,142440,24179,3,115,4.4,56-65
53,147901,3800,11,51,2.9,46-55
64,45953,23163,13,67,4.1,56-65
39,101919,9053,4,114,3.7,36-45
51,139682,24237,26,73,3.9,46-55
64,146041,4227,27,47,3.0,56-65
25,92889,23156,14,180,3.5,18-25
57,48821,22879,22,38,4.2,56-65
61,62567,17398,11,44,2.6,56-65
36,140374,17332,27,65,4.2,36-45
59,49860,6519,10,66,3.4,56-65
58,46195,15963,19,62,1.7,56-65
54,102475,22227,18,165,1.1,46-55
23,115874,10547,6,79,2.5,18-25
43,112266,24917,27,20,3.2,36-45
51,46427,12254,29,86,4.4,46-55
62,125732,3020,15,98,1.5,56-65
23,52083,3581,21,52,4.2,18-25
54,112046,1928,30,142,4.5,46-55
50,82372,4467,10,86,1.6,46-55
39,148786,6945,5,42,4.4,36-45
38,69064,15066,26,131,5.0,36-45
23,32813,14542,29,23,3.9,18-25
23,56598,11829,5,168,4.1,18-25
65,137718,2659,10,67,5.0,56-65
21,118106,5632,28,81,3.4,18-25
47,52082,19431,5,178,2.2,46-55
28,54241,19863,3,135,4.4,26-35
47,121214,15433,23,106,3.5,46-55
48,69569,10973,6,69,3.3,46-55
41,36745,19533,4,124,2.0,36-45
26,51029,11305,18,95,4.0,26-35
20,38025,3583,28,12,1.3,18-25
48,126660,17921,9,77,4.7,46-55
57,148395,14444,17,138,2.3,56-65
54,39288,20373,29,111,1.5,46-55
53,114186,8104,13,93,2.8,46-55
41,31540,24428,27,43,1.2,36-45
48,122768,15879,15,117,3.7,46-55
23,106958,19518,30,32,4.6,18-25
19,93878,4483,20,101,4.3,18-25
37,66846,2278,17,41,1.5,36-45
45,126148,24786,13,141,1.5,36-45
28,100932,5610,16,86,4.3,26-35
21,42482,22073,22,60,4.7,18-25
32,48411,12587,4,89,2.8,26-35
23,75975,24262,5,6,3.0,18-25
47,85545,18008,5,62,2.3,46-55
55,137302,17581,9,111,4.6,46-55
19,103797,2679,17,127,3.6,18-25
32,77307,10096,13,172,2.2,26-35
28,28093,5751,2,168,2.2,26-35
25,102258,9735,13,118,4.6,18-25
43,47042,18813,22,111,1.1,36-45
62,77930,15371,21,41,2.3,56-65
61,142584,1513,27,83,3.2,56-65
22,69413,17110,23,96,1.6,18-25
23,138387,24205,19,22,1.4,18-25
43,118623,2328,3,102,4.3,36-45
21,122883,8409,10,67,4.6,18-25
36,58756,6088,2,154,4.3,36-45
37,78268,13609,13,143,4.6,36-45
